Workbook
Name JAIME_PEÑA_PEÑA: #REF!
Name JAIME_PEÑA_PEÑA: #REF!
Name matriz: 'Reporte (2)'!$J$34:$J$38
Name RAMIRO_ANTONIO_MONROY_VARA: #REF!
Name RAMIRO_ANTONIO_MONROY_VARA: #REF!

Sheet datos crudos
A1: Nombre | F1: Puesto | L1: Fecha: | R1: Patrón
A2: Daniel Guadarrama Mejía | F2: Ingeniero de Calibración | N2: Año | O2: Consecutivo | W2: =N27 -> 0 | X2: =$O$11 -> °C | AB2: =O27 -> 0 | AC2: =$O$11 -> °C | AG2: =P27 -> 0 | AH2: =$O$11 -> °C
A3: Brenda Torres Salazar | F3: Ingeniero de Calibración | L3: Reporte: | N3: 26 | R3: 1. 02-0G-00627 | V3: IBC | W3: Patrón | X3: Patrón Corr | AA3: IBC | AB3: Patrón | AC3: Patrón Corr | AF3: IBC | AG3: Patrón | AH3: Patrón Corr | AJ3: Codigo | AK3: Descripcion | AL3: Criticidad | AM3: Codigo_Ubicacion | AN3: Departamento_Responsable | AO3: Frecuencia
A4: Marco Antonio Esquivel Balderas | F4: Ingeniero de Calibración | L4: Realizó: | R4: 2. 02-02-03948 | U4: 1 | X4: =IF(W4="","",W4-HLOOKUP($S$1,Patrones!$B$57:$AZ$82,3,FALSE)) | Z4: 1 | AC4: =IF(AB4="","",AB4-HLOOKUP($S$1,Patrones!$B$57:$AZ$82,6,FALSE)) | AE4: 1 | AH4: =IF(AG4="","",AG4-HLOOKUP($S$1,Patrones!$B$57:$AZ$82,9,FALSE)) | AJ4: 02-02-003967 | AK4: Calibrador de procesos | AL4: Critico | AM4: Calibración | AN4: Calibracion | AO4: 12
A5: Andrés López Godínez | F5: Técnico de Calibración | L5: Código | R5: 3. 02-0G-01389 | U5: 2 | X5: =IF(W5="","",W5-HLOOKUP($S$1,Patrones!$B$57:$AZ$82,3,FALSE)) | Z5: 2 | AC5: =IF(AB5="","",AB5-HLOOKUP($S$1,Patrones!$B$57:$AZ$82,6,FALSE)) | AE5: 2 | AH5: =IF(AG5="","",AG5-HLOOKUP($S$1,Patrones!$B$57:$AZ$82,9,FALSE)) | AJ5: 02-0G-00001 | AK5: Conductímetro | AL5: Crítico | AM5: Área técnica | AN5: Mantenimiento e Ingeniería | AO5: 12
A6: Ricardo Israel Padua Téllez | F6: Supervisor de Calibración | L6: Descripción | N6: =IF(N5="","",VLOOKUP($N$5,$AJ$3:$AO$2190,2,FALSE)) | R6: 4. 02-0G-00955 | U6: 3 | X6: =IF(W6="","",W6-HLOOKUP($S$1,Patrones!$B$57:$AZ$82,3,FALSE)) | Z6: 3 | AC6: =IF(AB6="","",AB6-HLOOKUP($S$1,Patrones!$B$57:$AZ$82,6,FALSE)) | AE6: 3 | AH6: =IF(AG6="","",AG6-HLOOKUP($S$1,Patrones!$B$57:$AZ$82,9,FALSE)) | AJ6: 02-0G-00002 | AK6: Conductímetro | AL6: Crítico | AM6: Área técnica | AN6: Mantenimiento e Ingeniería | AO6: 12
L7: Tipo | N7: =IF(N6="","",VLOOKUP($N$5,$AJ$3:$AO$2190,3,FALSE)) | R7: 5. 02-0G-00625 | U7: 4 | X7: =IF(W7="","",W7-HLOOKUP($S$1,Patrones!$B$57:$AZ$82,3,FALSE)) | Z7: 4 | AC7: =IF(AB7="","",AB7-HLOOKUP($S$1,Patrones!$B$57:$AZ$82,6,FALSE)) | AE7: 4 | AH7: =IF(AG7="","",AG7-HLOOKUP($S$1,Patrones!$B$57:$AZ$82,9,FALSE)) | AJ7: 02-0G-00003 | AK7: Conductímetro | AL7: Crítico | AM7: Área técnica | AN7: Mantenimiento e Ingeniería | AO7: 12
A8: Unidad | L8: Ubicación: | N8: =IF(N7="","",VLOOKUP($N$5,$AJ$3:$AO$2190,4,FALSE)) | R8: 6. 02-0G-00626 Ref | U8: 5 | X8: =IF(W8="","",W8-HLOOKUP($S$1,Patrones!$B$57:$AZ$82,3,FALSE)) | Z8: 5 | AC8: =IF(AB8="","",AB8-HLOOKUP($S$1,Patrones!$B$57:$AZ$82,6,FALSE)) | AE8: 5 | AH8: =IF(AG8="","",AG8-HLOOKUP($S$1,Patrones!$B$57:$AZ$82,9,FALSE)) | AJ8: 02-0G-00004 | AK8: Conductímetro | AL8: Crítico | AM8: Área técnica | AN8: Mantenimiento e Ingeniería | AO8: 12
A9: °C | F9: # Datos | G9: =N15*N16*2+4 -> 4 | L9: Departamento: | N9: =IF(N8="","",VLOOKUP($N$5,$AJ$3:$AO$2190,5,FALSE)) | R9: 7. 02-0G-00626 Ref 2 | V9: =AVERAGE(V4:V8) -> #DIV/0! | AJ9: 02-0G-00005 | AK9: Termohigrómetro | AL9: Crítico | AM9: Área técnica del liofilizador | AN9: Mantenimiento e Ingeniería | AO9: 6
A10: °F | F10: Datos reg | G10: =COUNT(V4:W8,AA4:AB8,AF4:AG8,V12:W16,AA12:AB16,R23:S24) -> 0 | L10: Frecuencia | N10: =IF(N9="","",VLOOKUP($N$5,$AJ$3:$AO$2190,6,FALSE)) | R10: 8. 02-0G-00626 (2) | W10: =R27 -> 0 | X10: =$O$11 -> °C | AB10: =S27 -> 0 | AC10: =$O$11 -> °C | AJ10: 02-0G-00009 | AK10: Manómetro | AL10: Crítico | AM10: Área técnica de ductos de sistemas críticos | AN10: Mantenimiento e Ingeniería | AO10: 12
A11: °R | L11: Linferior | O11: °C | Q11: =IF(Q12=-1,0,Q12) -> -2 | R11: 9. 02-0G-00626 (4) | V11: IBC | W11: Patrón | X11: Patrón Corr | AA11: IBC | AB11: Patrón | AC11: Patrón Corr | AJ11: 02-0G-00010 | AK11: Manómetro | AL11: Crítico | AM11: Área técnica | AN11: Mantenimiento e Ingeniería | AO11: 12
L12: Lsuperior | O12: =O11 -> °C | Q12: =LEN(N13)-(LEN(INT(N13))+1) -> -2 | R12: 10. 02-02-05267 | U12: 1 | X12: =IF(W12="","",W12-HLOOKUP($S$1,Patrones!$B$57:$AZ$82,12,FALSE)) | Z12: 1 | AC12: =IF(AB12="","",AB12-HLOOKUP($S$1,Patrones!$B$57:$AZ$82,15,FALSE)) | AJ12: 02-0G-00011 | AK12: Manómetro | AL12: Crítico | AM12: Área técnica de ductos de sistemas críticos | AN12: Mantenimiento e Ingeniería | AO12: 12
A13: # Puntos | L13: Div. Minima | O13: =O11 -> °C | R13: 11. 02-0G-01781 | U13: 2 | X13: =IF(W13="","",W13-HLOOKUP($S$1,Patrones!$B$57:$AZ$82,12,FALSE)) | Z13: 2 | AC13: =IF(AB13="","",AB13-HLOOKUP($S$1,Patrones!$B$57:$AZ$82,15,FALSE)) | AJ13: 02-0G-00019 | AK13: Sensor de presión | AL13: Crítico | AM13: Área técnica del liofilizador | AN13: Mantenimiento e Ingeniería | AO13: 12
A14: 1 | L14: Factor resol | Q14: =LEN(MID(W4,SEARCH(".",W4)+1,100)) -> #VALUE! | R14: 12. 02-02-05858 | U14: 3 | X14: =IF(W14="","",W14-HLOOKUP($S$1,Patrones!$B$57:$AZ$82,12,FALSE)) | Z14: 3 | AC14: =IF(AB14="","",AB14-HLOOKUP($S$1,Patrones!$B$57:$AZ$82,15,FALSE)) | AJ14: 02-0G-00020 | AK14: Sensor de presión | AL14: Crítico | AM14: Área técnica del liofilizador | AN14: Mantenimiento e Ingeniería | AO14: 12
A15: 2 | L15: Puntos a calibrar | R15: 13. 02-02-03967 (1) | U15: 4 | X15: =IF(W15="","",W15-HLOOKUP($S$1,Patrones!$B$57:$AZ$82,12,FALSE)) | Z15: 4 | AC15: =IF(AB15="","",AB15-HLOOKUP($S$1,Patrones!$B$57:$AZ$82,15,FALSE)) | AJ15: 02-0G-00021 | AK15: Sensor de presión | AL15: Crítico | AM15: Área técnica del liofilizador | AN15: Mantenimiento e Ingeniería | AO15: 12
A16: 3 | L16: # Repeticiones | R16: 14. 02-02-03967 (2) | U16: 5 | X16: =IF(W16="","",W16-HLOOKUP($S$1,Patrones!$B$57:$AZ$82,12,FALSE)) | Z16: 5 | AC16: =IF(AB16="","",AB16-HLOOKUP($S$1,Patrones!$B$57:$AZ$82,15,FALSE)) | AJ16: 02-0G-00028 | AK16: Manómetro diferencial | AL16: Crítico | AM16: Azotea general 1 | AN16: Mantenimiento e Ingeniería | AO16: 12
A17: 4 | L17: Tolerancia | O17: =O11 -> °C | P17: =-N17 -> 0 | R17: 15. 02-02-04961 | AJ17: 02-0G-00029 | AK17: Manómetro diferencial | AL17: Crítico | AM17: Azotea general 1 | AN17: Mantenimiento e Ingeniería | AO17: 12
A18: 5 | P18: =-N18 -> 0 | R18: 16. 02-02-04962 | AJ18: 02-0G-00030 | AK18: Manómetro diferencial | AL18: Crítico | AM18: Azotea general 1 | AN18: Mantenimiento e Ingeniería | AO18: 12
AJ19: 02-0G-00033 | AK19: Manómetro diferencial | AL19: Crítico | AM19: Azotea general 1 | AN19: Mantenimiento e Ingeniería | AO19: 12
AJ20: 02-0G-00034 | AK20: Manómetro diferencial | AL20: Crítico | AM20: Azotea general 1 | AN20: Mantenimiento e Ingeniería | AO20: 12
R21: Condiciones ambientales | AJ21: 02-0G-00035 | AK21: Manómetro diferencial | AL21: Crítico | AM21: Azotea general 1 | AN21: Mantenimiento e Ingeniería | AO21: 12
R22: Iniciales | S22: Finales | AJ22: 02-0G-00036 | AK22: Manómetro diferencial | AL22: Crítico | AM22: Azotea general 1 | AN22: Mantenimiento e Ingeniería | AO22: 12
T23: °C | AJ23: 02-0G-00037 | AK23: Manómetro diferencial | AL23: Crítico | AM23: Azotea general 1 | AN23: Mantenimiento e Ingeniería | AO23: 12
N24: Num. decimales | T24: %HR | AJ24: 02-0G-00038 | AK24: Manómetro diferencial | AL24: Crítico | AM24: Azotea general 1 | AN24: Mantenimiento e Ingeniería | AO24: 12
P25: =-N25 -> 0 | AJ25: 02-0G-00039 | AK25: Manómetro diferencial | AL25: Crítico | AM25: Azotea general 1 | AN25: Mantenimiento e Ingeniería | AO25: 12
N26: 1er punto | O26: 2do punto | P26: 3er punto | R26: 4to punto | S26: 5to punto | AJ26: 02-0G-00040 | AK26: Manómetro diferencial | AL26: Crítico | AM26: Azotea general 1 | AN26: Mantenimiento e Ingeniería | AO26: 12
T27: °C | U27: =IF(G9>G10,"FALTAN DATOS PARA PRUEBA","LISTO, IMPRIMIR REPORTE") -> FALTAN DATOS PARA PRUEBA | AJ27: 02-0G-00041 | AK27: Manómetro diferencial | AL27: Crítico | AM27: Azotea general 1 | AN27: Mantenimiento e Ingeniería | AO27: 12
AJ28: 02-0G-00042 | AK28: Manómetro diferencial | AL28: Crítico | AM28: Azotea general 1 | AN28: Mantenimiento e Ingeniería | AO28: 12
N29: =COUNTA(N1,N3,O3,N4,N5,N6,N7,N8,N10,N11,N12,N13,N14,N15,#REF!) -> 6 | AJ29: 02-0G-00043 | AK29: Manómetro diferencial | AL29: Crítico | AM29: Azotea general 1 | AN29: Mantenimiento e Ingeniería | AO29: 12
A30: No | B30: Código | D30: Descripcioón | H30: Vigencia | I30: Reporte de calib | N30: Error (+) | O30: =IF(N15="Formula",N25,N18) -> 0 | T30: Punto | V30: Error 1 | W30: Error 2 | X30: Error 3 | Y30: Error 4 | AA30: Error 5 | AB30: u repetibilidad | AC30: u patrón | AD30: u resolución | AF30: u combinada | AG30: U expandida | AJ30: 02-0G-00044 | AK30: Sensor de temperatura | AL30: Crítico | AM30: Área técnica del liofilizador | AN30: Mantenimiento e Ingeniería | AO30: 12
A31: 1 | B31: 02-0G-00627 | D31: Sensor de temperatura RTD Patrón | H31: 46539 | I31: 0D-1226-1063 | N31: Error (-) | O31: =-O30 -> 0 | T31: =IF(N27="","",N27) | U31: 1 | V31: =V4-X4 -> #VALUE! | W31: =V5-X5 -> #VALUE! | X31: =V6-X6 -> #VALUE! | Y31: =V7-X7 -> #VALUE! | Z31: =AA31 -> #VALUE! | AA31: =V8-X8 -> #VALUE! | AB31: =IF($N$16=3,STDEV(V31:X31)/SQRT(COUNT(X4:X8)),STDEV(V31:AA31)/SQRT(COUNT(X4:X8))) -> #VALUE! | AC31: =IF(T31="","",HLOOKUP($S$1,Patrones!$B$57:$AZ$82,4,FALSE)) | AD31: =($N$14*$N$13)/SQRT(12) -> 0 | AF31: =SQRT(SUMSQ(AB31,AC31,AD31)) -> #VALUE! | AG31: =AF31*2 -> #VALUE! | AJ31: 02-0G-00045 | AK31: Sensor de temperatura | AL31: Crítico | AM31: Área técnica del liofilizador | AN31: Mantenimiento e Ingeniería | AO31: 12
A32: 2 | B32: 02-02-03948 | D32: Termómetro digital | H32: 45168 | I32: 0D-0022-1362 | T32: =IF(O27="","",O27) | U32: 2 | V32: =AA4-AC4 -> #VALUE! | W32: =AA5-AC5 -> #VALUE! | X32: =AA6-AC6 -> #VALUE! | Y32: =AA7-AC7 -> #VALUE! | Z32: =AA32 -> #VALUE! | AA32: =AA8-AC8 -> #VALUE! | AB32: =IF($N$16=3,STDEV(V32:X32)/SQRT(COUNT(AC4:AC8)),STDEV(V32:AA32)/SQRT(COUNT(AC4:AC8))) -> #VALUE! | AC32: =IF(T32="","",HLOOKUP($S$1,Patrones!$B$57:$AZ$82,7,FALSE)) | AD32: =($N$14*$N$13)/SQRT(12) -> 0 | AF32: =SQRT(SUMSQ(AB32,AC32,AD32)) -> #VALUE! | AG32: =AF32*2 -> #VALUE! | AJ32: 02-0G-00046 | AK32: Sensor de temperatura | AL32: Crítico | AM32: Área técnica del liofilizador | AN32: Mantenimiento e Ingeniería | AO32: 12
A33: 3 | B33: 02-0G-01389 | D33: Sensor de temperatura RTD Patrón | H33: 45809 | I33: OD-1224-0873 | T33: =IF(P27="","",P27) | U33: 3 | V33: =AF4-AH4 -> #VALUE! | W33: =AF6-AH6 -> #VALUE! | X33: =AF7-AH7 -> #VALUE! | Y33: =AF8-AH8 -> #VALUE! | Z33: =AA33 -> #VALUE! | AA33: =AF8-AH8 -> #VALUE! | AB33: =IF($N$16=3,STDEV(V33:X33)/SQRT(COUNT(AH4:AH8)),STDEV(V33:AA33)/SQRT(COUNT(AH4:AH8))) -> #VALUE! | AC33: =IF(T33="","",HLOOKUP($S$1,Patrones!$B$57:$AZ$82,10,FALSE)) | AD33: =($N$14*$N$13)/SQRT(12) -> 0 | AF33: =SQRT(SUMSQ(AB33,AC33,AD33)) -> #VALUE! | AG33: =AF33*2 -> #VALUE! | AJ33: 02-0G-00047 | AK33: Sensor de temperatura | AL33: Crítico | AM33: Área técnica del liofilizador | AN33: Mantenimiento e Ingeniería | AO33: 12
A34: 4 | B34: 02-0G-00955 | D34: Sensor de temperatura | H34: 46235 | I34: 0D-1225-0052 | T34: =IF(R27="","",R27) | U34: 4 | V34: =V12-X12 -> #VALUE! | W34: =V13-X13 -> #VALUE! | X34: =V14-X14 -> #VALUE! | Y34: =V15-X15 -> #VALUE! | Z34: =AA34 -> #VALUE! | AA34: =V16-X16 -> #VALUE! | AB34: =IF($N$16=3,STDEV(V34:X34)/SQRT(COUNT(X12:X16)),STDEV(V34:AA34)/SQRT(COUNT(X12:X16))) -> #VALUE! | AC34: =IF(T34="","",HLOOKUP($S$1,Patrones!$B$57:$AZ$82,13,FALSE)) | AD34: =($N$14*$N$13)/SQRT(12) -> 0 | AF34: =SQRT(SUMSQ(AB34,AC34,AD34)) -> #VALUE! | AG34: =AF34*2 -> #VALUE! | AJ34: 02-0G-00048 | AK34: Sensor de temperatura | AL34: Crítico | AM34: Área técnica del liofilizador | AN34: Mantenimiento e Ingeniería | AO34: 12
A35: 5 | B35: 02-0G-00625 | D35: Sensor de temperatura RTD Patrón | H35: 46204 | I35: 0D-1225-0465 | T35: =IF(S27="","",S27) | U35: 5 | V35: =AA12-AC12 -> #VALUE! | W35: =AA13-AC13 -> #VALUE! | X35: =AA14-AC14 -> #VALUE! | Y35: =AA15-AC15 -> #VALUE! | Z35: =AA35 -> #VALUE! | AA35: =AA16-AC16 -> #VALUE! | AB35: =IF($N$16=3,STDEV(V35:X35)/SQRT(COUNT(AC12:AC16)),STDEV(V35:AA35)/SQRT(COUNT(AC12:AC16))) -> #VALUE! | AC35: =IF(T35="","",HLOOKUP($S$1,Patrones!$B$57:$AZ$82,16,FALSE)) | AD35: =($N$14*$N$13)/SQRT(12) -> 0 | AF35: =SQRT(SUMSQ(AB35,AC35,AD35)) -> #VALUE! | AG35: =AF35*2 -> #VALUE! | AJ35: 02-0G-00049 | AK35: Sensor de temperatura | AL35: Crítico | AM35: Área técnica del liofilizador | AN35: Mantenimiento e Ingeniería | AO35: 12
A36: 6 | B36: 02-0G-00626 REF 1 | D36: Referencia baja temperatura | H36: 46174 | I36: 0D-1225-0583 | AJ36: 02-0G-00050 | AK36: Sensor de temperatura | AL36: Crítico | AM36: Área técnica del liofilizador | AN36: Mantenimiento e Ingeniería | AO36: 12
A37: 7 | B37: 02-0G-00626 REF 2 | D37: Referencia baja temperatura | H37: 46174 | I37: 0D-1225-0583 | AJ37: 02-0G-00053 | AK37: Transmisor de temperatura | AL37: Crítico | AM37: Área técnica | AN37: Mantenimiento e Ingeniería | AO37: 12
A38: 8 | B38: 02-0G-00626 (2) | D38: Referencia baja temperatura | H38: 46174 | I38: 0D-1225-0583 | AJ38: 02-0G-00054 | AK38: Transmisor de temperatura | AL38: Crítico | AM38: Área técnica | AN38: Mantenimiento e Ingeniería | AO38: 12
A39: 9 | B39: 02-0G-00626 (4) | D39: Referencia baja temperatura | H39: 46174 | I39: 0D-1225-0583 | AJ39: 02-0G-00055 | AK39: Transmisor de temperatura | AL39: Crítico | AM39: Área técnica | AN39: Mantenimiento e Ingeniería | AO39: 12
A40: 10 | B40: 02-02-05267 | D40: Sensor de temperatura | H40: 44650 | I40: 0D-0021-0714 | AJ40: 02-0G-00056 | AK40: Transmisor de temperatura | AL40: Crítico | AM40: Área técnica | AN40: Mantenimiento e Ingeniería | AO40: 12
A41: 11 | B41: 02-0G-01781 | D41: Sensor de temperatura | H41: 46327 | I41: 0D-1225-1540 | AJ41: 02-0G-00059 | AK41: Transmisor de temperatura | AL41: Crítico | AM41: Área técnica | AN41: Mantenimiento e Ingeniería | AO41: 12
A42: 12 | B42: 02-02-05858 | D42: Calibrador de temperatura | H42: 45931 | I42: 0D-0024-1913 | AJ42: 02-0G-00060 | AK42: Valvula de seguridad | AL42: Critico | AM42: Área técnica de ductos de sistemas críticos | AN42: Mantenimiento e Ingeniería | AO42: 12
A43: 13 | B43: 02-02-03967 | D43: Calibrador de procesos tipo K (1) | H43: 46235 | I43: 0D-1225-1156 | AJ43: 02-0G-00062 | AK43: Analizador carbono orgánico total | AL43: Crítico | AM43: Cuarto del sistema de acondicionamiento de agua | AN43: Mantenimiento e Ingeniería | AO43: 12
A44: 14 | B44: 02-02-03967 | D44: Calibrador de procesos tipo K (2) | H44: 46235 | I44: 0D-1225-1156 | AJ44: 02-0G-00063 | AK44: Analizador carbono orgánico total | AL44: Crítico | AM44: Área técnica | AN44: Mantenimiento e Ingeniería | AO44: 12
A45: 15 | B45: 02-02-04961 | D45: Sensor de temperatura y humedad relativa | H45: 45291 | I45: 0D-0022-2106 | AJ45: 02-0G-00065 | AK45: Termometro digital | AL45: Critico | AM45: Cuarto para muestras de retención 2 | AN45: Aseguramiento de Calidad | AO45: 12
A46: 16 | B46: 02-02-04962 | D46: Sensor de temperatura y humedad relativa | H46: 45291 | I46: 0D-0022-2107 | AJ46: 02-0G-00066 | AK46: Sensor de temperatura | AL46: Crítico | AM46: Muestras de retención (cámara de refrigeración) | AN46: Aseguramiento de Calidad | AO46: 12
A47: 17 | AJ47: 02-0G-00067 | AK47: Balanza | AL47: Crítico | AM47: Análisis generales | AN47: Desarrollo farmacéutico | AO47: 12
AJ48: 02-0G-00068 | AK48: Balanza | AL48: Crítico | AM48: Análisis generales | AN48: Desarrollo farmacéutico | AO48: 12
AJ49: 02-0G-00069 | AK49: Termohigrómetro | AL49: Crítico | AM49: Laboratorio de desarrollo farmacéutico | AN49: Desarrollo farmacéutico | AO49: 6
AJ50: 02-0G-00070 | AK50: Termohigrómetro | AL50: Crítico | AM50: Laboratorio de desarrollo farmacéutico | AN50: Desarrollo farmacéutico | AO50: 6
AJ51: 02-0G-00071 | AK51: Termohigrómetro | AL51: Crítico | AM51: Análisis generales | AN51: Desarrollo farmacéutico | AO51: 6
AJ52: 02-0G-00072 | AK52: Micropipeta | AL52: Crítico | AM52: Laboratorio de desarrollo farmacéutico | AN52: Desarrollo farmacéutico | AO52: 6
AJ53: 02-0G-00073 | AK53: Micropipeta | AL53: Crítico | AM53: Laboratorio de desarrollo farmacéutico | AN53: Desarrollo farmacéutico | AO53: 6
AJ54: 02-0G-00074 | AK54: Micropipeta | AL54: Crítico | AM54: Laboratorio de desarrollo farmacéutico | AN54: Desarrollo farmacéutico | AO54: 6
B55: Errores | AJ55: 02-0G-00075 | AK55: Micropipeta | AL55: Crítico | AM55: Laboratorio de desarrollo farmacéutico | AN55: Desarrollo farmacéutico | AO55: 6
AJ56: 02-0G-00076 | AK56: Micropipeta | AL56: Crítico | AM56: Laboratorio de desarrollo farmacéutico | AN56: Desarrollo farmacéutico | AO56: 6
AJ57: 02-0G-00077 | AK57: Micropipeta | AL57: Crítico | AM57: Laboratorio de desarrollo farmacéutico | AN57: Desarrollo farmacéutico | AO57: 6
AJ58: 02-0G-00078 | AK58: Micropipeta | AL58: Crítico | AM58: Laboratorio de desarrollo farmacéutico | AN58: Desarrollo farmacéutico | AO58: 6
AJ59: 02-0G-00079 | AK59: Micropipeta | AL59: Crítico | AM59: Laboratorio de desarrollo farmacéutico | AN59: Desarrollo farmacéutico | AO59: 6
AJ60: 02-0G-00081 | AK60: Potenciómetro | AL60: Crítico | AM60: Laboratorio de desarrollo farmacéutico | AN60: Desarrollo farmacéutico | AO60: 12
AJ61: 02-0G-00083 | AK61: Balanza | AL61: Crítico | AM61: Laboratorio de microbiología | AN61: Control de Calidad | AO61: 12
AJ62: 02-0G-00084 | AK62: Balanza | AL62: Crítico | AM62: Vestíbulo biológicos | AN62: Control de Calidad | AO62: 12
AJ63: 02-0G-00085 | AK63: Balanza | AL63: Crítico | AM63: Bioterio | AN63: Control de Calidad | AO63: 12
AJ64: 02-0G-00086 | AK64: Balanza | AL64: Crítico | AM64: Área de pesado | AN64: Control de Calidad | AO64: 12
AJ65: 02-0G-00087 | AK65: Balanza | AL65: Crítico | AM65: Bioterio | AN65: Control de Calidad | AO65: 12
AJ66: 02-0G-00088 | AK66: Balanza | AL66: Crítico | AM66: Bioterio | AN66: Control de Calidad | AO66: 12
AJ67: 02-0G-00089 | AK67: Balanza | AL67: Crítico | AM67: Área de masas | AN67: Calibracion | AO67: 12
... AJ187: 02-0G-00248 | AK187: Micropipeta | AL187: Crítico | AM187: Laboratorio biológicos | AN187: Control de Calidad | AO187: 6
AJ188: 02-0G-00250 | AK188: Micropipeta | AM188: Laboratorio de análisis in vivo | AN188: Control de Calidad | AO188: 6
AJ189: 02-0G-00251 | AK189: Micropipeta | AL189: Crítico | AM189: Laboratorio biológicos | AN189: Control de Calidad | AO189: 6
AJ190: 02-0G-00252 | AK190: Micropipeta | AL190: Crítico | AM190: Biológico virus 2 | AN190: Control de Calidad | AO190: 6
AJ191: 02-0G-00253 | AK191: Micropipeta | AL191: Crítico | AM191: Laboratorio biológicos | AN191: Control de Calidad | AO191: 6
AJ192: 02-0G-00254 | AK192: Micropipeta | AL192: Crítico | AM192: Laboratorio biológicos | AN192: Control de Calidad | AO192: 6
AJ193: 02-0G-00255 | AK193: Micropipeta | AL193: Crítico | AM193: Laboratorio biológicos | AN193: Control de Calidad | AO193: 6
AJ194: 02-0G-00256 | AK194: Micropipeta | AL194: Crítico | AM194: Ensayos biológicos 1 | AN194: Control de Calidad | AO194: 6
AJ195: 02-0G-00257 | AK195: Micropipeta | AL195: Crítico | AM195: Bioterio | AN195: Control de Calidad | AO195: 6
AJ196: 02-0G-00259 | AK196: Micropipeta | AL196: Crítico | AM196: Físico-químicos 2 | AN196: Control de Calidad | AO196: 6
AJ197: 02-0G-00260 | AK197: Micropipeta | AL197: Crítico | AM197: Laboratorio biológicos | AN197: Control de Calidad | AO197: 6
AJ198: 02-0G-00261 | AK198: Micropipeta | AL198: Crítico | AM198: Laboratorio de microbiología | AN198: Control de Calidad | AO198: 6
AJ199: 02-0G-00262 | AK199: Micropipeta | AL199: Crítico | AM199: Físico-químicos 1 | AN199: Control de Calidad | AO199: 6
AJ200: 02-0G-00263 | AK200: Micropipeta | AL200: Crítico | AM200: Laboratorio biológicos | AN200: Control de Calidad | AO200: 6
... AJ1373: 02-0G-01526 | AK1373: Sensor de conductividad | AL1373: Critico | AM1373: Cuarto del sistema de acondicionamiento de agua | AN1373: Mantenimiento e Ingeniería | AO1373: 12
AJ1374: 02-0G-01528 | AK1374: Flujometro | AL1374: Critico | AM1374: Cuarto del sistema de acondicionamiento de agua | AN1374: Mantenimiento e Ingeniería | AO1374: 12 | AQ1374: 12
AJ1375: 02-0G-01529 | AK1375: Flujometro | AL1375: Critico | AM1375: Cuarto del sistema de acondicionamiento de agua | AN1375: Mantenimiento e Ingeniería | AO1375: 12 | AQ1375: 12
AJ1376: 02-0G-01530 | AK1376: Flujometro | AL1376: Critico | AM1376: Cuarto del sistema de acondicionamiento de agua | AN1376: Mantenimiento e Ingeniería | AO1376: 12 | AQ1376: 12
AJ1377: 02-0G-01531 | AK1377: Contador de partículas | AL1377: Critico | AM1377: Calibración | AN1377: Calificacion | AO1377: 12 | AQ1377: 12
AJ1378: 02-0G-01532 | AK1378: Manometro | AL1378: Critico | AM1378: Mezclado de soluciones y suspensiones 2 | AN1378: Manufactura | AO1378: 12 | AQ1378: 12
AJ1379: 02-0G-01533 | AK1379: Manometro | AL1379: Critico | AM1379: Mezclado de soluciones y suspensiones 2 | AN1379: Manufactura | AO1379: 12 | AQ1379: 12
AJ1380: 02-0G-01534 | AK1380: Termohigrometro | AL1380: Critico | AM1380: Desvestidor 11 entrada | AN1380: Manufactura | AO1380: 12 | AQ1380: 12
AJ1381: 02-0G-01535 | AK1381: Manometro | AL1381: Critico | AM1381: Area tecnica manejadoras | AN1381: Mantenimiento e Ingeniería | AO1381: 12 | AQ1381: 12
AJ1382: 02-0G-01536 | AK1382: Manometro | AL1382: Critico | AM1382: Area tecnica manejadoras | AN1382: Mantenimiento e Ingeniería | AO1382: 12 | AQ1382: 12
AJ1383: 02-0G-01537 | AK1383: Balanza | AL1383: Critico | AM1383: Surtido y muestreo 1 | AN1383: Cadena de suministro | AO1383: 12 | AQ1383: 12
AJ1384: 02-0G-01538 | AK1384: Pesa de referencia | AL1384: Critico | AM1384: Área de pesado | AN1384: Control de Calidad | AO1384: 12 | AQ1384: 12
AJ1385: 02-0G-01539 | AK1385: Pesa de referencia | AL1385: Critico | AM1385: Laboratorio de microbiología | AN1385: Control de Calidad | AO1385: 12 | AQ1385: 12
... AJ1430: 02-0G-01584 | AK1430: Registrador de temperatura | AL1430: Critico | AM1430: CeDis | AN1430: CeDis | AO1430: 12 | AQ1430: 12
AJ1431: 02-0G-01585 | AK1431: Registrador de temperatura | AL1431: Critico | AM1431: CeDis | AN1431: CeDis | AO1431: 12
AJ1432: 02-0G-01586 | AK1432: Registrador de temperatura | AL1432: Critico | AM1432: CeDis | AN1432: CeDis | AO1432: 12
AJ1433: 02-0G-01587 | AK1433: Registrador de temperatura | AL1433: Critico | AM1433: CeDis | AN1433: CeDis | AO1433: 12
AJ1434: 02-0G-01588 | AK1434: Registrador de temperatura | AL1434: Critico | AM1434: CeDis | AN1434: CeDis | AO1434: 12
AJ1435: 02-0G-01589 | AK1435: Registrador de temperatura | AL1435: Critico | AM1435: CeDis | AN1435: CeDis | AO1435: 12
...

Sheet Reporte (2)
D2: Gestion de calibracion
D4: Reporte de Calibración | J4: Código: | L4: =CONCATENATE("0D-12",TEXT('datos crudos'!N3,"00"),"-",TEXT('datos crudos'!O3,"0000"),":002") -> 0D-1226-0000:002
J5: Fecha de calibración: | L5: ='datos crudos'!N1 -> 0
B6: Probiomed S.A. de C.V.
B7: San Esteban 88 Col. Santo Tomás, Alcaldía Azcapotzalco Ciudad de México C.P. 02020
C9: 1 Datos del instrumento bajo calibración
B11: Código: | F11: ='datos crudos'!N5 -> 0
B12: Descripción: | F12: ='datos crudos'!N6 | I12: =IF(L22<L23,"NO IMPRIMIR, LA FECHA DE CALIBRACIÓN DEL PATRÓN ESTA VENCIDA",) -> #N/A
B13: Criticidad: | F13: ='datos crudos'!N7
B14: Intervalo de medición: | F14: =CONCATENATE('datos crudos'!N11," ","a"," ",'datos crudos'!N12,'datos crudos'!O13) -> a °C
B15: Ubicación: | F15: ='datos crudos'!N8
B16: Departamento: | F16: ='datos crudos'!N9
B17: Tolerancia: | F17: ='datos crudos'!N17 -> 0 | G17: ='datos crudos'!O12 -> °C
B19: 2 Datos del instrumento de referencia
B21: Código: | F21: =VLOOKUP('datos crudos'!$S$1,'datos crudos'!$A$31:$J$53,2,FALSE) -> #N/A | K21: Informe de calibración: | L21: =VLOOKUP('datos crudos'!$S$1,'datos crudos'!$A$31:$J$53,9,FALSE) -> #N/A
B22: Descripción: | F22: =VLOOKUP('datos crudos'!$S$1,'datos crudos'!$A$31:$J$53,4,FALSE) -> #N/A | K22: Vigencia: | L22: =VLOOKUP('datos crudos'!$S$1,'datos crudos'!$A$31:$J$53,8,FALSE) -> #N/A
L23: =TODAY() -> 46253
B25: 3 Condiciones ambientales
B27: Temperatura ambiente: | G27: =AVERAGE('datos crudos'!R23:S23) -> #DIV/0! | H27: °C | I27: Humedad Relativa: | K27: =CONCATENATE(AVERAGE('datos crudos'!R24:S24),"% HR") -> #DIV/0!
B30: 4 Tabla de resultados
E32: Puntos | G32: Lectura IBC | H32: Lectura Patrón | J32: Error de medición | K32: Incertidumbre
G33: ='datos crudos'!O11 -> °C | H33: =G33 -> °C | J33: =G33 -> °C | K33: =G33 -> °C
E34: 1 | G34: =FIXED(AVERAGE('datos crudos'!V4:V8),'datos crudos'!$O$24,TRUE) -> #DIV/0! | H34: =FIXED(AVERAGE('datos crudos'!X4:X8),'datos crudos'!$O$24,TRUE) -> #DIV/0! | I34: =AVERAGE(#REF!,#REF!,#REF!,#REF!) -> #REF! | J34: =FIXED(G34-H34,'datos crudos'!$O$24,TRUE) -> #DIV/0! | K34: =FIXED('datos crudos'!AG31,'datos crudos'!$O$24,TRUE) -> #VALUE! | L34: =ABS(J34) -> #DIV/0!
E35: 2 | G35: =FIXED(AVERAGE('datos crudos'!AA4:AA8),'datos crudos'!$O$24,TRUE) -> #DIV/0! | H35: =FIXED(AVERAGE('datos crudos'!AC4:AC8),'datos crudos'!$O$24,TRUE) -> #DIV/0! | I35: =AVERAGE(#REF!,#REF!,#REF!,#REF!) -> #REF! | J35: =FIXED(G35-H35,'datos crudos'!$O$24,TRUE) -> #DIV/0! | K35: =FIXED('datos crudos'!AG32,'datos crudos'!$O$24,TRUE) -> #VALUE! | L35: =ABS(J35) -> #DIV/0!
E36: 3 | G36: =FIXED(AVERAGE('datos crudos'!AF4:AF8),'datos crudos'!$O$24,TRUE) -> #DIV/0! | H36: =FIXED(AVERAGE('datos crudos'!AH4:AH8),'datos crudos'!$O$24,TRUE) -> #DIV/0! | I36: =AVERAGE(#REF!,#REF!,#REF!,#REF!) -> #REF! | J36: =FIXED(G36-H36,'datos crudos'!$O$24,TRUE) -> #DIV/0! | K36: =FIXED('datos crudos'!AG33,'datos crudos'!$O$24,TRUE) -> #VALUE! | L36: =ABS(J36) -> #DIV/0!
E37: 4 | G37: =FIXED(AVERAGE('datos crudos'!V12:V16),'datos crudos'!O24,TRUE) -> #DIV/0! | H37: =FIXED(AVERAGE('datos crudos'!X12:X16),'datos crudos'!$O$24,TRUE) -> #DIV/0! | I37: =AVERAGE(#REF!,#REF!,#REF!,#REF!) -> #REF! | J37: =FIXED(G37-H37,'datos crudos'!$O$24,TRUE) -> #DIV/0! | K37: =FIXED('datos crudos'!AG34,'datos crudos'!$O$24,TRUE) -> #VALUE! | L37: =ABS(J37) -> #DIV/0!
E38: 5 | G38: =FIXED(AVERAGE('datos crudos'!AA12:AA16),'datos crudos'!O24,TRUE) -> #DIV/0! | H38: =FIXED(AVERAGE('datos crudos'!AC12:AC16),'datos crudos'!$O$24,TRUE) -> #DIV/0! | I38: =AVERAGE(#REF!,#REF!,#REF!,#REF!) -> #REF! | J38: =FIXED(G38-H38,'datos crudos'!$O$24,TRUE) -> #DIV/0! | K38: =FIXED('datos crudos'!AG35,'datos crudos'!$O$24,TRUE) -> #VALUE! | L38: =ABS(J38) -> #DIV/0!
L39: =IF('datos crudos'!N15=1,'Reporte (2)'!L34,IF('datos crudos'!N15=2,MAX('Reporte (2)'!L34:L35),IF('datos crudos'!N15=3,MAX('Reporte (2)'!L34:L36),IF('datos crudos'!N15=4,MAX('Reporte (2)'!L34:L37),MAX('Reporte (2)'!L34:L38))))) -> #DIV/0!
G41: =IF(AND('datos crudos'!N26=3),ABS(MAX('Reporte (2)'!L34:L36)),IF(AND('datos crudos'!N26=5),ABS(MAX('Reporte (2)'!L34:L38)),IF(AND('datos crudos'!N26=8),ABS(MAX(L34:L38))))) -> FALSE
E42: Dictamen: | G42: =IF(L39<=F17,"CUMPLE","NO CUMPLE") -> #DIV/0! | J42: Próxima Calibración: | K42: =IF(G42="No cumple","RECHAZADO",IF(G42="cumple",EDATE('datos crudos'!N1,'datos crudos'!N10))) -> #DIV/0!
C45: 5 Observaciones
B47: ÷ | C47: =IF('datos crudos'!N15=1,"La calibración se realizó de acuerdo al procedimiento SOP-000042885, Calibración general de instrumentos de medición","÷ La calibración se realizó de acuerdo al procedimiento SOP-000026896, Calibración de instrumentos medidores de temperatura") -> ÷ La calibración se realizó de acuerdo al procedimiento SOP-000026896, Calibración de instrumentos medidores de temperatura
B48: ÷ | C48: La incertidumbre de medición se calculó en base a la guía para estimar la incertidumbre, CENAM 2004 para un factor de cobertura k=2 (nivel de confianza 95.45 %)
B49: ÷ | C49: La calibración se realizó por comparación directa con un instrumento trazable al Sistema Internacional de unidades
C53: 6 Autorizaciones
C54: Actividad | D54: Nombre | H54: Puesto | K54: Firma | L54: Fecha
C55: Realizó: | D55: ='datos crudos'!N4 -> 0 | H55: =VLOOKUP('datos crudos'!N4,'datos crudos'!A2:I6,6,FALSE) -> #N/A
C56: Revisó: | D56: ='datos crudos'!A6 -> Ricardo Israel Padua Téllez | H56: ='datos crudos'!F6 -> Supervisor de Calibración

Sheet Patrones
A1: =TODAY() -> 46253
A2: ='datos crudos'!$O$12 -> °C
A3: Error de medición | B3: 0 | C3: 1 | D3: 2 | E3: 3 | F3: 4 | G3: 5 | H3: 6 | I3: 7 | J3: 8 | K3: 9 | L3: 10 | M3: 11 | N3: 12 | O3: 13 | P3: 14 | Q3: 15 | R3: 16 | S3: 17 | T3: 18 | U3: 19 | V3: 20 | W3: 21 | X3: 22 | Y3: 23 | Z3: 24 | AA3: 25 | AB3: 26 | AC3: 27 | AD3: 28 | AE3: 29 | AF3: 30 | AG3: 31 | AH3: 32 | AI3: 33 | AJ3: 34 | AK3: 35 | AL3: 33 | AM3: 34 | AN3: 35 | AO3: 36 | AP3: 37 | AQ3: 38 | AR3: 39 | AS3: 40 | AT3: 41 | AU3: 42 | AV3: 43 | AW3: 44 | AX3: 45 | AY3: 46 | AZ3: 47 | BA3: 36
A4: Reporte | B4: 0D-1226-1063 | E4: 0D-0022-1362 | H4: OD-1224-0873 | K4: 0D-1225-0052 | N4: 0D-1225-0465 | Q4: 0D-0021-0714 | T4: 0D-1225-1540 | W4: 0D-0019-1072 | Z4: 0D-1225-0583 | AC4: 0D-1225-0583 | AF4: 0D-1225-0583 | AI4: 0D-1225-0583 | AL4: 0D-0024-1913 | AO4: 0D-1225-1156 | AR4: 0D-1225-1156 | AU4: 0D-0022-2106 | AX4: 0D-0022-2107
A5: Vigencia | B5: 46539 | E5: 45169 | H5: 45809 | K5: 46235 | N5: 46204 | Q5: 44621 | T5: 46327 | W5: 44105 | Z5: 46174 | AC5: 46174 | AF5: 46174 | AI5: 46174 | AL5: 45931 | AO5: 46235 | AR5: 46235 | AU5: 45291 | AX5: 45291
A6: Código | C6: 02-0G-00627 | F6: 02-02-03948 | I6: 02-0G-01389 | L6: 02-0G-00955 | O6: 02-0G-00625 | R6: 02-02-05267 | U6: 02-0G-01781 | W6: 02-02-02482 | X6: 1000 | Y6: bar | AA6: 02-0G-00626 | AB6: Ref. 1 | AD6: 02-0G-00626 | AE6: REF 2 | AG6: 02-0G-00626 | AH6: pozo 2 | AJ6: 02-0G-00626 | AK6: pozo 4 | AM6: 02-02-05858 | AP6: 02-02-03967 (1) | AS6: 02-02-03967 (2) | AV6: 02-02-04961 | AY6: 02-02-04962
B7: Temperatura | C7: Error | D7: Incertidumbre | E7: Temperatura | F7: Error | G7: Incertidumbre | H7: Temperatura | I7: Error | J7: Incertidumbre | K7: Temperatura | L7: Error | M7: Incertidumbre | N7: Temperatura | O7: Error | P7: Incertidumbre | Q7: Temperatura | R7: Error | S7: Incertidumbre | T7: Temperatura | U7: Error | V7: Incertidumbre | W7: Presion | X7: Error | Y7: Incertidumbre | Z7: Temperatura | AA7: Error | AB7: Incertidumbre | AC7: Temperatura | AD7: Error | AE7: Incertidumbre | AF7: Temperatura | AG7: Error | AH7: Incertidumbre | AI7: Temperatura | AJ7: Error | AK7: Incertidumbre | AL7: Temperatura | AM7: Error | AN7: Incertidumbre | AO7: Temperatura | AP7: Error | AQ7: Incertidumbre | AR7: Temperatura | AS7: Error | AT7: Incertidumbre | AU7: Temperatura | AV7: Error | AW7: Incertidumbre
B8: -80.066 | C8: -0.113 | D8: 0.036 | E8: -80.1 | F8: -0.122 | G8: 0.04 | H8: -80.74 | I8: 0.008 | J8: 0.067 | K8: -24.9 | L8: 0.1 | M8: =0.27*2 -> 0.54 | N8: -81.462 | O8: 0.0258 | P8: 0.018 | Q8: -80.15 | R8: -0.166 | S8: 0.056 | T8: -81.8 | U8: -0.054 | V8: =0.068*2 -> 0.136 | W8: 50.6351 | X8: 0.613 | Y8: 0.0502 | Z8: -24.99 | AA8: 0 | AB8: 0.13 | AC8: -25.03 | AD8: 0.04 | AE8: 0.13 | AF8: -25.04 | AG8: 0.05 | AH8: 0.13 | AI8: -25.04 | AJ8: 0.04 | AK8: 0.13 | AL8: -89.8 | AM8: 0.164 | AN8: 0.146 | AO8: -25.1 | AP8: -0.05 | AQ8: 0.54 | AR8: -25 | AS8: 0.05 | AT8: 0.54 | AU8: 20.52 | AV8: -0.01 | AW8: 0.1 | AX8: 20.56 | AY8: 0.02 | AZ8: 0.1 | BA8: 1
B9: -60.009 | C9: -0.068 | D9: 0.036 | E9: -40.1 | F9: -0.099 | G9: 0.0305 | H9: -49.747 | I9: -0.003 | J9: 0.067 | K9: -9.8 | L9: 0.2 | M9: 0.6 | N9: -30.184 | O9: -0.0083 | P9: 0.018 | Q9: -40.11 | R9: -0.092 | S9: 0.022 | T9: -49.9 | U9: -0.088 | V9: =0.068*2 -> 0.136 | W9: 150.5915 | X9: 0.5867 | Y9: 0.0853 | Z9: -19.99 | AA9: 0 | AB9: 0.13 | AC9: -20.03 | AD9: 0.04 | AE9: 0.13 | AF9: -20.03 | AG9: 0.03 | AH9: 0.13 | AI9: -20.01 | AJ9: 0.02 | AK9: 0.13 | AL9: -59.9 | AM9: 0.057 | AN9: 0.153 | AO9: -10.1 | AP9: -0.08 | AQ9: 0.54 | AR9: -10.2 | AS9: -0.18 | AT9: 0.54 | AU9: 36.63 | AV9: 0.01 | AW9: 0.1 | AX9: 36.67 | AY9: 0.07 | AZ9: 0.1 | BA9: 2 | BF9: 0.0346 | BG9: =BF9/2 -> 0.0173
B10: -40.043 | C10: -0.098 | D10: 0.036 | E10: -20.2 | F10: -0.16 | G10: 0.03 | H10: -24.684 | I10: -0.011 | J10: 0.071 | K10: 0.14 | L10: 0.14 | M10: =0.27*2 -> 0.54 | N10: -20.144 | O10: -0.0086 | P10: 0.018 | Q10: -19.94 | R10: 0.062 | S10: 0.022 | T10: -30 | U10: -0.106 | V10: =0.068*2 -> 0.136 | W10: 250.63 | X10: 0.6321 | Y10: 0.1047 | Z10: -0.01 | AA10: 0 | AB10: 0.13 | AC10: -0.02 | AD10: 0 | AE10: 0.13 | AF10: 0 | AG10: 0.02 | AH10: 0.13 | AI10: 0.03 | AJ10: 0.04 | AK10: 0.13 | AL10: -39.9 | AM10: 0.084 | AN10: 0.153 | AO10: -0.2 | AP10: -0.18 | AQ10: 0.54 | AR10: -0.2 | AS10: -0.18 | AT10: 0.54 | AU10: 40.33 | AV10: 0.03 | AW10: 0.1 | BA10: 3
B11: -20.036 | C11: -0.079 | D11: 0.036 | E11: -0.2 | F11: -0.136 | G11: 0.0295 | H11: 0.353 | I11: 0.006 | J11: 0.067 | K11: 14.9 | L11: -0.1 | M11: =0.27*2 -> 0.54 | N11: -0.049 | O11: -0.0198 | P11: 0.018 | Q11: 0.16 | R11: 0.237 | S11: 0.016 | T11: -9.3 | U11: 0.126 | V11: =0.068*2 -> 0.136 | W11: 350.61 | X11: 0.628 | Y11: 0.1265 | Z11: 4.99 | AA11: 0 | AB11: 0.13 | AC11: 4.97 | AD11: 0.01 | AE11: 0.13 | AF11: 4.98 | AG11: 0.01 | AH11: 0.13 | AI11: 4.99 | AJ11: 0 | AK11: 0.13 | AL11: -0.1 | AM11: -0.061 | AN11: 0.146 | AO11: 14.9 | AP11: -0.09 | AQ11: 0.54 | AR11: 14.8 | AS11: -0.19 | AT11: 0.54 | BA11: 4
B12: -10.048 | C12: -0.085 | D12: 0.036 | E12: 36.6 | F12: -0.063 | G12: 0.0295 | H12: 25.033 | I12: -0.004 | J12: 0.067 | K12: 30 | L12: 0 | M12: =0.27*2 -> 0.54 | N12: 24.979 | O12: -0.0236 | P12: 0.018 | Q12: 25.17 | R12: 0.329 | S12: 0.016 | T12: -0.6 | U12: -0.222 | V12: =0.068*2 -> 0.136 | W12: 450.6 | X12: 0.6362 | Y12: 0.1705 | Z12: 9.99 | AA12: 0 | AB12: 0.13 | AC12: 10 | AD12: 0.01 | AE12: 0.13 | AF12: 9.99 | AG12: 0 | AH12: 0.13 | AI12: 10 | AJ12: 0.01 | AK12: 0.13 | AL12: 9.9 | AM12: -0.087 | AN12: 0.146 | AO12: 29.9 | AP12: -0.09 | AQ12: 0.54 | AR12: 29.9 | AS12: -0.09 | AT12: 0.54 | BA12: 5
B13: -0.064 | C13: -0.069 | D13: 0.036 | E13: 69.7 | F13: -0.266 | G13: 0.03 | H13: 50.023 | I13: -0.026 | J13: 0.067 | K13: 49.8 | L13: -0.2 | M13: =0.27*2 -> 0.54 | N13: 49.983 | O13: -0.0417 | P13: 0.018 | Q13: 50.27 | R13: 0.256 | S13: 0.016 | T13: 10.2 | U13: -0.047 | V13: =0.068*2 -> 0.136 | Z13: 19.98 | AA13: 0 | AB13: 0.13 | AC13: 19.98 | AD13: 0 | AE13: 0.13 | AF13: 19.97 | AG13: 0.01 | AH13: 0.13 | AI13: 19.97 | AJ13: 0.01 | AK13: 0.13 | AL13: 19.9 | AM13: -0.017 | AN13: 0.146 | AO13: 50 | AP13: 0.01 | AQ13: 0.54 | AR13: 50 | AS13: 0.01 | AT13: 0.54 | BA13: 6
B14: 9.954 | C14: -0.058 | D14: 0.036 | E14: 120.2 | F14: 0.169 | G14: 0.03 | H14: 75.008 | I14: -0.02 | J14: 0.067 | K14: 75.3 | L14: 0.3 | M14: =0.27*2 -> 0.54 | N14: 120.496 | O14: 0.1045 | P14: 0.021 | Q14: 150.09 | R14: 0.159 | S14: 0.024 | T14: 30.9 | U14: -0.074 | V14: =0.068*2 -> 0.136 | Z14: 44.95 | AA14: 0 | AB14: 0.13 | AC14: 44.94 | AD14: 0.01 | AE14: 0.13 | AF14: 44.94 | AG14: 0.01 | AH14: 0.13 | AI14: 44.95 | AJ14: 0 | AK14: 0.13 | AL14: 40 | AM14: 0.067 | AN14: 0.153 | AO14: 75 | AP14: 0.08 | AQ14: 0.54 | AR14: 75 | AS14: 0.08 | AT14: 0.54 | BA14: 7
B15: 19.996 | C15: -0.019 | D15: 0.036 | E15: 200.3 | F15: 0.26 | G15: 0.03 | H15: 99.985 | I15: -0.035 | J15: 0.067 | K15: 99.5 | L15: -0.5 | M15: =0.27*2 -> 0.54 | N15: 239.192 | O15: 0.2591 | P15: 0.021 | Q15: 240.05 | R15: 0.024 | S15: 0.024 | T15: 50.7 | U15: 0.191 | V15: =0.068*2 -> 0.136 | Z15: 68.87 | AA15: 0 | AB15: 0.13 | AC15: 69.8 | AD15: 0.07 | AE15: 0.13 | AF15: 69.8 | AG15: 0.08 | AH15: 0.13 | AI15: 69.81 | AJ15: 0.06 | AK15: 0.13 | AL15: 100 | AM15: 0.083 | AN15: 0.153 | AO15: 99.96 | AP15: -0.03 | AQ15: 0.54 | AR15: 100 | AS15: 0.01 | AT15: 0.54 | BA15: 8
B16: 49.988 | C16: -0.04 | D16: 0.036 | E16: 250.3 | F16: 0.216 | G16: 0.031 | H16: 124.952 | I16: -0.035 | J16: 0.067 | K16: 119.4 | L16: -0.6 | M16: =0.27*2 -> 0.54 | N16: 398.867 | O16: 0.5363 | P16: 0.021 | Q16: 299.75 | R16: -0.0324 | S16: 0.024 | T16: 70.1 | U16: 0.126 | V16: =0.068*2 -> 0.136 | Z16: 99.9 | AA16: 0 | AB16: 0.13 | AC16: 99.91 | AD16: 0 | AE16: 0.13 | AF16: 99.91 | AG16: 0.01 | AH16: 0.13 | AI16: 99.92 | AJ16: 0.01 | AK16: 0.13 | AL16: 119.9 | AM16: -0.029 | AN16: 0.146 | AO16: 119.9 | AP16: -0.09 | AQ16: 0.54 | AR16: 119.9 | AS16: -0.09 | AT16: 0.54 | BA16: 9
B17: 80.01 | C17: -0.003 | D17: 0.036 | E17: 270.4 | F17: 0.288 | G17: 0.031 | H17: 149.936 | I17: -0.033 | J17: 0.067 | K17: 139.2 | L17: -0.8 | M17: =0.27*2 -> 0.54 | Q17: 399.16 | R17: -1.025 | S17: 0.062 | T17: 100.1 | U17: 0.19 | V17: =0.071*2 -> 0.142 | Z17: 120.89 | AA17: 0 | AB17: 0.13 | AC17: 120.9 | AD17: 0 | AE17: 0.13 | AF17: 120.91 | AG17: 0.01 | AH17: 0.13 | AI17: 120.9 | AJ17: 0.01 | AK17: 0.13 | AL17: 199.9 | AM17: -0.118 | AN17: 0.146 | AO17: 139.8 | AP17: -0.2 | AQ17: 0.54 | AR17: 139.9 | AS17: -0.1 | AT17: 0.54 | BA17: 10
B18: 99.996 | C18: 0.187 | D18: 0.042 | H18: 199.932 | I18: -0.023 | J18: 0.067 | Z18: 139.87 | AA18: 0 | AB18: 0.13 | AC18: 139.87 | AD18: 0 | AE18: 0.13 | AF18: 139.87 | AG18: 0 | AH18: 0.13 | AI18: 139.88 | AJ18: 0 | AK18: 0.13 | AL18: 250 | AM18: 0.078 | AN18: 0.146 | BA18: 11
B19: 120.033 | C19: 0.21 | D19: 0.042 | H19: 249.932 | I19: -0.019 | J19: 0.067 | AL19: 270 | AM19: 0.064 | AN19: 0.153 | BA19: 12
B20: 149.391 | C20: 0.088 | D20: 0.042 | H20: 299.95 | I20: -0.021 | J20: 0.11 | AL20: 300.2 | AM20: 0.153 | AN20: 0.153 | BA20: 13
B21: 199.305 | C21: 0.239 | D21: 0.042 | H21: 349.95 | I21: 0.011 | J21: 0.11 | BA21: 14
B22: 249.587 | C22: 0.245 | D22: 0.042 | H22: 400 | I22: 0.032 | J22: 0.11 | BA22: 15
B23: 299.308 | C23: 0.275 | D23: 0.042 | BA23: 16
B24: 349.066 | C24: 0.325 | D24: 0.042 | BA24: 17
B25: 399.317 | C25: 0.547 | D25: 0.042 | BA25: 18
BA26: 19
BA27: 20
BA28: 21
BA29: 22
BA30: 23
BA31: 24
B32: Presion | C32: Error | D32: Incertidumbre | E32: Presion | F32: Error | G32: Incertidumbre | H32: Presion | I32: Error | J32: Incertidumbre | K32: Presion | L32: Error | M32: Incertidumbre | N32: Presion | O32: Error | P32: Incertidumbre | Q32: Presion | R32: Error | S32: Incertidumbre | T32: Presion | U32: Error | V32: Incertidumbre | W32: Presion | X32: Error | Y32: Incertidumbre | Z32: Presion | AA32: Error | AB32: Incertidumbre | AC32: Presion | AD32: Error | AE32: Incertidumbre | AF32: Presion | AG32: Error | AH32: Incertidumbre | AI32: Presion | AJ32: Error | AK32: Incertidumbre | AL32: Presion | AM32: Error | AN32: Incertidumbre | AO32: Presion | AP32: Error | AQ32: Incertidumbre | AR32: Presion | AS32: Error | AT32: Incertidumbre | AU32: Presion | AV32: Error | AW32: Incertidumbre | AX32: Presion | AY32: Error | AZ32: Incertidumbre
B33: =IF(B8="","",IF($A$2="°F",Patrones!B8*1.8+32,Patrones!B8)) -> -80.066 | C33: =IF(C8="","",IF($A$2="°F",Patrones!C8*1.8+32,Patrones!C8)) -> -0.113 | D33: =IF(D8="","",IF($A$2="°F",Patrones!D8*1.8+32,Patrones!D8)) -> 0.036 | E33: =IF(E8="","",IF($A$2="°F",Patrones!E8*1.8+32,Patrones!E8)) -> -80.1 | F33: =IF(F8="","",IF($A$2="°F",Patrones!F8*1.8+32,Patrones!F8)) -> -0.122 | G33: =IF(G8="","",IF($A$2="°F",Patrones!G8*1.8+32,Patrones!G8)) -> 0.04 | H33: =IF(H8="","",IF($A$2="°F",Patrones!H8*1.8+32,Patrones!H8)) -> -80.74 | I33: =IF(I8="","",IF($A$2="°F",Patrones!I8*1.8+32,Patrones!I8)) -> 0.008 | ... T33: =IF(T8="","",IF($A$2="°F",Patrones!T8*1.8+32,Patrones!T8)) -> -81.8 | U33: 0 | V33: =IF(V8="","",IF($A$2="°F",Patrones!V8*1.8+32,Patrones!V8)) -> 0.136 | W33: =IF(W8="","",(HLOOKUP($A$2,$C$1:$S$2,2,FALSE))*W8/(HLOOKUP(Y$6,$C$1:$S$2,2,FALSE))) -> #N/A | X33: =IF(X8="","",(HLOOKUP($A$2,$C$1:$S$2,2,FALSE))*X8/(HLOOKUP(Y$6,$C$1:$S$2,2,FALSE))) -> #N/A | Y33: =IF(Y8="","",(HLOOKUP($A$2,$C$1:$S$2,2,FALSE))*Y8/(HLOOKUP(Y$6,$C$1:$S$2,2,FALSE))) -> #N/A | Z33: =IF(Z8="","",IF($A$2="°F",Patrones!Z8*1.8+32,Patrones!Z8)) -> -24.99 | AA33: =IF(AA8="","",IF($A$2="°F",Patrones!AA8*1.8+32,Patrones!AA8)) -> 0 | AB33: =IF(AB8="","",IF($A$2="°F",Patrones!AB8*1.8+32,Patrones!AB8)) -> 0.13 | AC33: =IF(AC8="","",IF($A$2="°F",Patrones!AC8*1.8+32,Patrones!AC8)) -> -25.03 | AD33: =IF(AD8="","",IF($A$2="°F",Patrones!AD8*1.8+32,Patrones!AD8)) -> 0.04 | AE33: =IF(AE8="","",IF($A$2="°F",Patrones!AE8*1.8+32,Patrones!AE8)) -> 0.13 | AF33: =IF(AF8="","",IF($A$2="°F",Patrones!AF8*1.8+32,Patrones!AF8)) -> -25.04 | AG33: =IF(AG8="","",IF($A$2="°F",Patrones!AG8*1.8+32,Patrones!AG8)) -> 0.05 | ... AZ33: =IF(AZ8="","",IF($A$2="°F",Patrones!AZ8*1.8+32,Patrones!AZ8)) -> 0.1 | BA33: 1
B34: =IF(B9="","",IF($A$2="°F",Patrones!B9*1.8+32,Patrones!B9)) -> -60.009 | C34: =IF(C9="","",IF($A$2="°F",Patrones!C9*1.8+32,Patrones!C9)) -> -0.068 | D34: =IF(D9="","",IF($A$2="°F",Patrones!D9*1.8+32,Patrones!D9)) -> 0.036 | E34: =IF(E9="","",IF($A$2="°F",Patrones!E9*1.8+32,Patrones!E9)) -> -40.1 | F34: =IF(F9="","",IF($A$2="°F",Patrones!F9*1.8+32,Patrones!F9)) -> -0.099 | G34: =IF(G9="","",IF($A$2="°F",Patrones!G9*1.8+32,Patrones!G9)) -> 0.0305 | H34: =IF(H9="","",IF($A$2="°F",Patrones!H9*1.8+32,Patrones!H9)) -> -49.747 | I34: =IF(I9="","",IF($A$2="°F",Patrones!I9*1.8+32,Patrones!I9)) -> -0.003 | ... T34: =IF(T9="","",IF($A$2="°F",Patrones!T9*1.8+32,Patrones!T9)) -> -49.9 | U34: 0 | V34: =IF(V9="","",IF($A$2="°F",Patrones!V9*1.8+32,Patrones!V9)) -> 0.136 | W34: =IF(W9="","",(HLOOKUP($A$2,$C$1:$S$2,2,FALSE))*W9/(HLOOKUP(Y$6,$C$1:$S$2,2,FALSE))) -> #N/A | X34: =IF(X9="","",(HLOOKUP($A$2,$C$1:$S$2,2,FALSE))*X9/(HLOOKUP(Y$6,$C$1:$S$2,2,FALSE))) -> #N/A | Y34: =IF(Y9="","",(HLOOKUP($A$2,$C$1:$S$2,2,FALSE))*Y9/(HLOOKUP(Y$6,$C$1:$S$2,2,FALSE))) -> #N/A | Z34: =IF(Z9="","",IF($A$2="°F",Patrones!Z9*1.8+32,Patrones!Z9)) -> -19.99 | AA34: =IF(AA9="","",IF($A$2="°F",Patrones!AA9*1.8+32,Patrones!AA9)) -> 0 | AB34: =IF(AB9="","",IF($A$2="°F",Patrones!AB9*1.8+32,Patrones!AB9)) -> 0.13 | AC34: =IF(AC9="","",IF($A$2="°F",Patrones!AC9*1.8+32,Patrones!AC9)) -> -20.03 | AD34: =IF(AD9="","",IF($A$2="°F",Patrones!AD9*1.8+32,Patrones!AD9)) -> 0.04 | AE34: =IF(AE9="","",IF($A$2="°F",Patrones!AE9*1.8+32,Patrones!AE9)) -> 0.13 | AF34: =IF(AF9="","",IF($A$2="°F",Patrones!AF9*1.8+32,Patrones!AF9)) -> -20.03 | AG34: =IF(AG9="","",IF($A$2="°F",Patrones!AG9*1.8+32,Patrones!AG9)) -> 0.03 | ... AZ34: =IF(AZ9="","",IF($A$2="°F",Patrones!AZ9*1.8+32,Patrones!AZ9)) -> 0.1 | BA34: 2
B35: =IF(B10="","",IF($A$2="°F",Patrones!B10*1.8+32,Patrones!B10)) -> -40.043 | C35: =IF(C10="","",IF($A$2="°F",Patrones!C10*1.8+32,Patrones!C10)) -> -0.098 | D35: =IF(D10="","",IF($A$2="°F",Patrones!D10*1.8+32,Patrones!D10)) -> 0.036 | E35: =IF(E10="","",IF($A$2="°F",Patrones!E10*1.8+32,Patrones!E10)) -> -20.2 | F35: =IF(F10="","",IF($A$2="°F",Patrones!F10*1.8+32,Patrones!F10)) -> -0.16 | G35: =IF(G10="","",IF($A$2="°F",Patrones!G10*1.8+32,Patrones!G10)) -> 0.03 | H35: =IF(H10="","",IF($A$2="°F",Patrones!H10*1.8+32,Patrones!H10)) -> -24.684 | I35: =IF(I10="","",IF($A$2="°F",Patrones!I10*1.8+32,Patrones!I10)) -> -0.011 | ... T35: =IF(T10="","",IF($A$2="°F",Patrones!T10*1.8+32,Patrones!T10)) -> -30 | U35: 0 | V35: =IF(V10="","",IF($A$2="°F",Patrones!V10*1.8+32,Patrones!V10)) -> 0.136 | W35: =IF(W10="","",(HLOOKUP($A$2,$C$1:$S$2,2,FALSE))*W10/(HLOOKUP(Y$6,$C$1:$S$2,2,FALSE))) -> #N/A | X35: =IF(X10="","",(HLOOKUP($A$2,$C$1:$S$2,2,FALSE))*X10/(HLOOKUP(Y$6,$C$1:$S$2,2,FALSE))) -> #N/A | Y35: =IF(Y10="","",(HLOOKUP($A$2,$C$1:$S$2,2,FALSE))*Y10/(HLOOKUP(Y$6,$C$1:$S$2,2,FALSE))) -> #N/A | Z35: =IF(Z10="","",IF($A$2="°F",Patrones!Z10*1.8+32,Patrones!Z10)) -> -0.01 | AA35: =IF(AA10="","",IF($A$2="°F",Patrones!AA10*1.8+32,Patrones!AA10)) -> 0 | AB35: =IF(AB10="","",IF($A$2="°F",Patrones!AB10*1.8+32,Patrones!AB10)) -> 0.13 | AC35: =IF(AC10="","",IF($A$2="°F",Patrones!AC10*1.8+32,Patrones!AC10)) -> -0.02 | AD35: =IF(AD10="","",IF($A$2="°F",Patrones!AD10*1.8+32,Patrones!AD10)) -> 0 | AE35: =IF(AE10="","",IF($A$2="°F",Patrones!AE10*1.8+32,Patrones!AE10)) -> 0.13 | AF35: =IF(AF10="","",IF($A$2="°F",Patrones!AF10*1.8+32,Patrones!AF10)) -> 0 | AG35: =IF(AG10="","",IF($A$2="°F",Patrones!AG10*1.8+32,Patrones!AG10)) -> 0.02 | ... AZ35: =IF(AZ10="","",IF($A$2="°F",Patrones!AZ10*1.8+32,Patrones!AZ10)) | BA35: 3
B36: =IF(B11="","",IF($A$2="°F",Patrones!B11*1.8+32,Patrones!B11)) -> -20.036 | C36: =IF(C11="","",IF($A$2="°F",Patrones!C11*1.8+32,Patrones!C11)) -> -0.079 | D36: =IF(D11="","",IF($A$2="°F",Patrones!D11*1.8+32,Patrones!D11)) -> 0.036 | E36: =IF(E11="","",IF($A$2="°F",Patrones!E11*1.8+32,Patrones!E11)) -> -0.2 | F36: =IF(F11="","",IF($A$2="°F",Patrones!F11*1.8+32,Patrones!F11)) -> -0.136 | G36: =IF(G11="","",IF($A$2="°F",Patrones!G11*1.8+32,Patrones!G11)) -> 0.0295 | H36: =IF(H11="","",IF($A$2="°F",Patrones!H11*1.8+32,Patrones!H11)) -> 0.353 | I36: =IF(I11="","",IF($A$2="°F",Patrones!I11*1.8+32,Patrones!I11)) -> 0.006 | ... V36: =IF(V11="","",IF($A$2="°F",Patrones!V11*1.8+32,Patrones!V11)) -> 0.136 | W36: =IF(W11="","",(HLOOKUP($A$2,$C$1:$S$2,2,FALSE))*W11/(HLOOKUP(Y$6,$C$1:$S$2,2,FALSE))) -> #N/A | X36: =IF(X11="","",(HLOOKUP($A$2,$C$1:$S$2,2,FALSE))*X11/(HLOOKUP(Y$6,$C$1:$S$2,2,FALSE))) -> #N/A | Y36: =IF(Y11="","",(HLOOKUP($A$2,$C$1:$S$2,2,FALSE))*Y11/(HLOOKUP(Y$6,$C$1:$S$2,2,FALSE))) -> #N/A | Z36: =IF(Z11="","",IF($A$2="°F",Patrones!Z11*1.8+32,Patrones!Z11)) -> 4.99 | AA36: =IF(AA11="","",IF($A$2="°F",Patrones!AA11*1.8+32,Patrones!AA11)) -> 0 | AB36: =IF(AB11="","",IF($A$2="°F",Patrones!AB11*1.8+32,Patrones!AB11)) -> 0.13 | AC36: =IF(AC11="","",IF($A$2="°F",Patrones!AC11*1.8+32,Patrones!AC11)) -> 4.97 | AD36: =IF(AD11="","",IF($A$2="°F",Patrones!AD11*1.8+32,Patrones!AD11)) -> 0.01 | AE36: =IF(AE11="","",IF($A$2="°F",Patrones!AE11*1.8+32,Patrones!AE11)) -> 0.13 | AF36: =IF(AF11="","",IF($A$2="°F",Patrones!AF11*1.8+32,Patrones!AF11)) -> 4.98 | AG36: =IF(AG11="","",IF($A$2="°F",Patrones!AG11*1.8+32,Patrones!AG11)) -> 0.01 | ... AZ36: =IF(AZ11="","",IF($A$2="°F",Patrones!AZ11*1.8+32,Patrones!AZ11)) | BA36: 4
B37: =IF(B12="","",IF($A$2="°F",Patrones!B12*1.8+32,Patrones!B12)) -> -10.048 | C37: =IF(C12="","",IF($A$2="°F",Patrones!C12*1.8+32,Patrones!C12)) -> -0.085 | D37: =IF(D12="","",IF($A$2="°F",Patrones!D12*1.8+32,Patrones!D12)) -> 0.036 | E37: =IF(E12="","",IF($A$2="°F",Patrones!E12*1.8+32,Patrones!E12)) -> 36.6 | F37: =IF(F12="","",IF($A$2="°F",Patrones!F12*1.8+32,Patrones!F12)) -> -0.063 | G37: =IF(G12="","",IF($A$2="°F",Patrones!G12*1.8+32,Patrones!G12)) -> 0.0295 | H37: =IF(H12="","",IF($A$2="°F",Patrones!H12*1.8+32,Patrones!H12)) -> 25.033 | I37: =IF(I12="","",IF($A$2="°F",Patrones!I12*1.8+32,Patrones!I12)) -> -0.004 | ... V37: =IF(V12="","",IF($A$2="°F",Patrones!V12*1.8+32,Patrones!V12)) -> 0.136 | W37: =IF(W12="","",(HLOOKUP($A$2,$C$1:$S$2,2,FALSE))*W12/(HLOOKUP(Y$6,$C$1:$S$2,2,FALSE))) -> #N/A | X37: =IF(X12="","",(HLOOKUP($A$2,$C$1:$S$2,2,FALSE))*X12/(HLOOKUP(Y$6,$C$1:$S$2,2,FALSE))) -> #N/A | Y37: =IF(Y12="","",(HLOOKUP($A$2,$C$1:$S$2,2,FALSE))*Y12/(HLOOKUP(Y$6,$C$1:$S$2,2,FALSE))) -> #N/A | Z37: =IF(Z12="","",IF($A$2="°F",Patrones!Z12*1.8+32,Patrones!Z12)) -> 9.99 | AA37: =IF(AA12="","",IF($A$2="°F",Patrones!AA12*1.8+32,Patrones!AA12)) -> 0 | AB37: =IF(AB12="","",IF($A$2="°F",Patrones!AB12*1.8+32,Patrones!AB12)) -> 0.13 | AC37: =IF(AC12="","",IF($A$2="°F",Patrones!AC12*1.8+32,Patrones!AC12)) -> 10 | AD37: =IF(AD12="","",IF($A$2="°F",Patrones!AD12*1.8+32,Patrones!AD12)) -> 0.01 | AE37: =IF(AE12="","",IF($A$2="°F",Patrones!AE12*1.8+32,Patrones!AE12)) -> 0.13 | AF37: =IF(AF12="","",IF($A$2="°F",Patrones!AF12*1.8+32,Patrones!AF12)) -> 9.99 | AG37: =IF(AG12="","",IF($A$2="°F",Patrones!AG12*1.8+32,Patrones!AG12)) -> 0 | ... AZ37: =IF(AZ12="","",IF($A$2="°F",Patrones!AZ12*1.8+32,Patrones!AZ12)) | BA37: 5
B38: =IF(B13="","",IF($A$2="°F",Patrones!B13*1.8+32,Patrones!B13)) -> -0.064 | C38: =IF(C13="","",IF($A$2="°F",Patrones!C13*1.8+32,Patrones!C13)) -> -0.069 | D38: =IF(D13="","",IF($A$2="°F",Patrones!D13*1.8+32,Patrones!D13)) -> 0.036 | E38: =IF(E13="","",IF($A$2="°F",Patrones!E13*1.8+32,Patrones!E13)) -> 69.7 | F38: =IF(F13="","",IF($A$2="°F",Patrones!F13*1.8+32,Patrones!F13)) -> -0.266 | G38: =IF(G13="","",IF($A$2="°F",Patrones!G13*1.8+32,Patrones!G13)) -> 0.03 | H38: =IF(H13="","",IF($A$2="°F",Patrones!H13*1.8+32,Patrones!H13)) -> 50.023 | I38: =IF(I13="","",IF($A$2="°F",Patrones!I13*1.8+32,Patrones!I13)) -> -0.026 | ... V38: =IF(V13="","",IF($A$2="°F",Patrones!V13*1.8+32,Patrones!V13)) -> 0.136 | W38: =IF(W13="","",(HLOOKUP($A$2,$C$1:$S$2,2,FALSE))*W13/(HLOOKUP(Y$6,$C$1:$S$2,2,FALSE))) | X38: =IF(X13="","",(HLOOKUP($A$2,$C$1:$S$2,2,FALSE))*X13/(HLOOKUP(Y$6,$C$1:$S$2,2,FALSE))) | Y38: =IF(Y13="","",(HLOOKUP($A$2,$C$1:$S$2,2,FALSE))*Y13/(HLOOKUP(Y$6,$C$1:$S$2,2,FALSE))) | Z38: =IF(Z13="","",IF($A$2="°F",Patrones!Z13*1.8+32,Patrones!Z13)) -> 19.98 | AA38: =IF(AA13="","",IF($A$2="°F",Patrones!AA13*1.8+32,Patrones!AA13)) -> 0 | AB38: =IF(AB13="","",IF($A$2="°F",Patrones!AB13*1.8+32,Patrones!AB13)) -> 0.13 | AC38: =IF(AC13="","",IF($A$2="°F",Patrones!AC13*1.8+32,Patrones!AC13)) -> 19.98 | AD38: =IF(AD13="","",IF($A$2="°F",Patrones!AD13*1.8+32,Patrones!AD13)) -> 0 | AE38: =IF(AE13="","",IF($A$2="°F",Patrones!AE13*1.8+32,Patrones!AE13)) -> 0.13 | AF38: =IF(AF13="","",IF($A$2="°F",Patrones!AF13*1.8+32,Patrones!AF13)) -> 19.97 | AG38: =IF(AG13="","",IF($A$2="°F",Patrones!AG13*1.8+32,Patrones!AG13)) -> 0.01 | ... AZ38: =IF(AZ13="","",IF($A$2="°F",Patrones!AZ13*1.8+32,Patrones!AZ13)) | BA38: 6
B39: =IF(B14="","",IF($A$2="°F",Patrones!B14*1.8+32,Patrones!B14)) -> 9.954 | C39: =IF(C14="","",IF($A$2="°F",Patrones!C14*1.8+32,Patrones!C14)) -> -0.058 | D39: =IF(D14="","",IF($A$2="°F",Patrones!D14*1.8+32,Patrones!D14)) -> 0.036 | E39: =IF(E14="","",IF($A$2="°F",Patrones!E14*1.8+32,Patrones!E14)) -> 120.2 | F39: =IF(F14="","",IF($A$2="°F",Patrones!F14*1.8+32,Patrones!F14)) -> 0.169 | G39: =IF(G14="","",IF($A$2="°F",Patrones!G14*1.8+32,Patrones!G14)) -> 0.03 | H39: =IF(H14="","",IF($A$2="°F",Patrones!H14*1.8+32,Patrones!H14)) -> 75.008 | I39: =IF(I14="","",IF($A$2="°F",Patrones!I14*1.8+32,Patrones!I14)) -> -0.02 | ... V39: =IF(V14="","",IF($A$2="°F",Patrones!V14*1.8+32,Patrones!V14)) -> 0.136 | W39: =IF(W14="","",(HLOOKUP($A$2,$C$1:$S$2,2,FALSE))*W14/(HLOOKUP(Y$6,$C$1:$S$2,2,FALSE))) | X39: =IF(X14="","",(HLOOKUP($A$2,$C$1:$S$2,2,FALSE))*X14/(HLOOKUP(Y$6,$C$1:$S$2,2,FALSE))) | Y39: =IF(Y14="","",(HLOOKUP($A$2,$C$1:$S$2,2,FALSE))*Y14/(HLOOKUP(Y$6,$C$1:$S$2,2,FALSE))) | Z39: =IF(Z14="","",IF($A$2="°F",Patrones!Z14*1.8+32,Patrones!Z14)) -> 44.95 | AA39: =IF(AA14="","",IF($A$2="°F",Patrones!AA14*1.8+32,Patrones!AA14)) -> 0 | AB39: =IF(AB14="","",IF($A$2="°F",Patrones!AB14*1.8+32,Patrones!AB14)) -> 0.13 | AC39: =IF(AC14="","",IF($A$2="°F",Patrones!AC14*1.8+32,Patrones!AC14)) -> 44.94 | AD39: =IF(AD14="","",IF($A$2="°F",Patrones!AD14*1.8+32,Patrones!AD14)) -> 0.01 | AE39: =IF(AE14="","",IF($A$2="°F",Patrones!AE14*1.8+32,Patrones!AE14)) -> 0.13 | AF39: =IF(AF14="","",IF($A$2="°F",Patrones!AF14*1.8+32,Patrones!AF14)) -> 44.94 | AG39: =IF(AG14="","",IF($A$2="°F",Patrones!AG14*1.8+32,Patrones!AG14)) -> 0.01 | ... AZ39: =IF(AZ14="","",IF($A$2="°F",Patrones!AZ14*1.8+32,Patrones!AZ14)) | BA39: 7
B40: =IF(B15="","",IF($A$2="°F",Patrones!B15*1.8+32,Patrones!B15)) -> 19.996 | C40: =IF(C15="","",IF($A$2="°F",Patrones!C15*1.8+32,Patrones!C15)) -> -0.019 | D40: =IF(D15="","",IF($A$2="°F",Patrones!D15*1.8+32,Patrones!D15)) -> 0.036 | E40: =IF(E15="","",IF($A$2="°F",Patrones!E15*1.8+32,Patrones!E15)) -> 200.3 | F40: =IF(F15="","",IF($A$2="°F",Patrones!F15*1.8+32,Patrones!F15)) -> 0.26 | G40: =IF(G15="","",IF($A$2="°F",Patrones!G15*1.8+32,Patrones!G15)) -> 0.03 | H40: =IF(H15="","",IF($A$2="°F",Patrones!H15*1.8+32,Patrones!H15)) -> 99.985 | I40: =IF(I15="","",IF($A$2="°F",Patrones!I15*1.8+32,Patrones!I15)) -> -0.035 | ... V40: =IF(V15="","",IF($A$2="°F",Patrones!V15*1.8+32,Patrones!V15)) -> 0.136 | W40: =IF(W15="","",(HLOOKUP($A$2,$C$1:$S$2,2,FALSE))*W15/(HLOOKUP(Y$6,$C$1:$S$2,2,FALSE))) | X40: =IF(X15="","",(HLOOKUP($A$2,$C$1:$S$2,2,FALSE))*X15/(HLOOKUP(Y$6,$C$1:$S$2,2,FALSE))) | Y40: =IF(Y15="","",(HLOOKUP($A$2,$C$1:$S$2,2,FALSE))*Y15/(HLOOKUP(Y$6,$C$1:$S$2,2,FALSE))) | Z40: =IF(Z15="","",IF($A$2="°F",Patrones!Z15*1.8+32,Patrones!Z15)) -> 68.87 | AA40: =IF(AA15="","",IF($A$2="°F",Patrones!AA15*1.8+32,Patrones!AA15)) -> 0 | AB40: =IF(AB15="","",IF($A$2="°F",Patrones!AB15*1.8+32,Patrones!AB15)) -> 0.13 | AC40: =IF(AC15="","",IF($A$2="°F",Patrones!AC15*1.8+32,Patrones!AC15)) -> 69.8 | AD40: =IF(AD15="","",IF($A$2="°F",Patrones!AD15*1.8+32,Patrones!AD15)) -> 0.07 | AE40: =IF(AE15="","",IF($A$2="°F",Patrones!AE15*1.8+32,Patrones!AE15)) -> 0.13 | AF40: =IF(AF15="","",IF($A$2="°F",Patrones!AF15*1.8+32,Patrones!AF15)) -> 69.8 | AG40: =IF(AG15="","",IF($A$2="°F",Patrones!AG15*1.8+32,Patrones!AG15)) -> 0.08 | ... AZ40: =IF(AZ15="","",IF($A$2="°F",Patrones!AZ15*1.8+32,Patrones!AZ15)) | BA40: 8
B41: =IF(B16="","",IF($A$2="°F",Patrones!B16*1.8+32,Patrones!B16)) -> 49.988 | C41: =IF(C16="","",IF($A$2="°F",Patrones!C16*1.8+32,Patrones!C16)) -> -0.04 | D41: =IF(D16="","",IF($A$2="°F",Patrones!D16*1.8+32,Patrones!D16)) -> 0.036 | E41: =IF(E16="","",IF($A$2="°F",Patrones!E16*1.8+32,Patrones!E16)) -> 250.3 | F41: =IF(F16="","",IF($A$2="°F",Patrones!F16*1.8+32,Patrones!F16)) -> 0.216 | G41: =IF(G16="","",IF($A$2="°F",Patrones!G16*1.8+32,Patrones!G16)) -> 0.031 | H41: =IF(H16="","",IF($A$2="°F",Patrones!H16*1.8+32,Patrones!H16)) -> 124.952 | I41: =IF(I16="","",IF($A$2="°F",Patrones!I16*1.8+32,Patrones!I16)) -> -0.035 | ... V41: =IF(V16="","",IF($A$2="°F",Patrones!V16*1.8+32,Patrones!V16)) -> 0.136 | W41: =IF(W16="","",(HLOOKUP($A$2,$C$1:$S$2,2,FALSE))*W16/(HLOOKUP(Y$6,$C$1:$S$2,2,FALSE))) | X41: =IF(X16="","",(HLOOKUP($A$2,$C$1:$S$2,2,FALSE))*X16/(HLOOKUP(Y$6,$C$1:$S$2,2,FALSE))) | Y41: =IF(Y16="","",(HLOOKUP($A$2,$C$1:$S$2,2,FALSE))*Y16/(HLOOKUP(Y$6,$C$1:$S$2,2,FALSE))) | Z41: =IF(Z16="","",IF($A$2="°F",Patrones!Z16*1.8+32,Patrones!Z16)) -> 99.9 | AA41: =IF(AA16="","",IF($A$2="°F",Patrones!AA16*1.8+32,Patrones!AA16)) -> 0 | AB41: =IF(AB16="","",IF($A$2="°F",Patrones!AB16*1.8+32,Patrones!AB16)) -> 0.13 | AC41: =IF(AC16="","",IF($A$2="°F",Patrones!AC16*1.8+32,Patrones!AC16)) -> 99.91 | AD41: =IF(AD16="","",IF($A$2="°F",Patrones!AD16*1.8+32,Patrones!AD16)) -> 0 | AE41: =IF(AE16="","",IF($A$2="°F",Patrones!AE16*1.8+32,Patrones!AE16)) -> 0.13 | AF41: =IF(AF16="","",IF($A$2="°F",Patrones!AF16*1.8+32,Patrones!AF16)) -> 99.91 | AG41: =IF(AG16="","",IF($A$2="°F",Patrones!AG16*1.8+32,Patrones!AG16)) -> 0.01 | ... AZ41: =IF(AZ16="","",IF($A$2="°F",Patrones!AZ16*1.8+32,Patrones!AZ16)) | BA41: 9
B42: =IF(B17="","",IF($A$2="°F",Patrones!B17*1.8+32,Patrones!B17)) -> 80.01 | C42: =IF(C17="","",IF($A$2="°F",Patrones!C17*1.8+32,Patrones!C17)) -> -0.003 | D42: =IF(D17="","",IF($A$2="°F",Patrones!D17*1.8+32,Patrones!D17)) -> 0.036 | E42: =IF(E17="","",IF($A$2="°F",Patrones!E17*1.8+32,Patrones!E17)) -> 270.4 | F42: =IF(F17="","",IF($A$2="°F",Patrones!F17*1.8+32,Patrones!F17)) -> 0.288 | G42: =IF(G17="","",IF($A$2="°F",Patrones!G17*1.8+32,Patrones!G17)) -> 0.031 | H42: =IF(H17="","",IF($A$2="°F",Patrones!H17*1.8+32,Patrones!H17)) -> 149.936 | I42: =IF(I17="","",IF($A$2="°F",Patrones!I17*1.8+32,Patrones!I17)) -> -0.033 | ... V42: =IF(V17="","",IF($A$2="°F",Patrones!V17*1.8+32,Patrones!V17)) -> 0.142 | W42: =IF(W17="","",(HLOOKUP($A$2,$C$1:$S$2,2,FALSE))*W17/(HLOOKUP(Y$6,$C$1:$S$2,2,FALSE))) | X42: =IF(X17="","",(HLOOKUP($A$2,$C$1:$S$2,2,FALSE))*X17/(HLOOKUP(Y$6,$C$1:$S$2,2,FALSE))) | Y42: =IF(Y17="","",(HLOOKUP($A$2,$C$1:$S$2,2,FALSE))*Y17/(HLOOKUP(Y$6,$C$1:$S$2,2,FALSE))) | Z42: =IF(Z17="","",IF($A$2="°F",Patrones!Z17*1.8+32,Patrones!Z17)) -> 120.89 | AA42: =IF(AA17="","",IF($A$2="°F",Patrones!AA17*1.8+32,Patrones!AA17)) -> 0 | AB42: =IF(AB17="","",IF($A$2="°F",Patrones!AB17*1.8+32,Patrones!AB17)) -> 0.13 | AC42: =IF(AC17="","",IF($A$2="°F",Patrones!AC17*1.8+32,Patrones!AC17)) -> 120.9 | AD42: =IF(AD17="","",IF($A$2="°F",Patrones!AD17*1.8+32,Patrones!AD17)) -> 0 | AE42: =IF(AE17="","",IF($A$2="°F",Patrones!AE17*1.8+32,Patrones!AE17)) -> 0.13 | AF42: =IF(AF17="","",IF($A$2="°F",Patrones!AF17*1.8+32,Patrones!AF17)) -> 120.91 | AG42: =IF(AG17="","",IF($A$2="°F",Patrones!AG17*1.8+32,Patrones!AG17)) -> 0.01 | ... AZ42: =IF(AZ17="","",IF($A$2="°F",Patrones!AZ17*1.8+32,Patrones!AZ17)) | BA42: 10
B43: =IF(B18="","",IF($A$2="°F",Patrones!B18*1.8+32,Patrones!B18)) -> 99.996 | C43: =IF(C18="","",IF($A$2="°F",Patrones!C18*1.8+32,Patrones!C18)) -> 0.187 | D43: =IF(D18="","",IF($A$2="°F",Patrones!D18*1.8+32,Patrones!D18)) -> 0.042 | E43: =IF(E18="","",(HLOOKUP($A$2,$C$1:$S$2,2,FALSE))*E18/(HLOOKUP(G$6,$C$1:$S$2,2,FALSE))) | F43: =IF(F18="","",(HLOOKUP($A$2,$C$1:$S$2,2,FALSE))*F18/(HLOOKUP(G$6,$C$1:$S$2,2,FALSE))) | G43: =IF(G18="","",(HLOOKUP($A$2,$C$1:$S$2,2,FALSE))*G18/(HLOOKUP(G$6,$C$1:$S$2,2,FALSE))) | H43: =IF(H18="","",IF($A$2="°F",Patrones!H18*1.8+32,Patrones!H18)) -> 199.932 | I43: =IF(I18="","",IF($A$2="°F",Patrones!I18*1.8+32,Patrones!I18)) -> -0.023 | J43: =IF(J18="","",IF($A$2="°F",Patrones!J18*1.8+32,Patrones!J18)) -> 0.067 | K43: =IF(K18="","",IF($A$2="°F",Patrones!K18*1.8+32,Patrones!K18)) | L43: =IF(L18="","",IF($A$2="°F",Patrones!L18*1.8+32,Patrones!L18)) | M43: =IF(M18="","",IF($A$2="°F",Patrones!M18*1.8+32,Patrones!M18)) | O43: =IF(O18="","",(HLOOKUP($A$2,$C$1:$S$2,2,FALSE))*O18/(HLOOKUP(P$6,$C$1:$S$2,2,FALSE))) | P43: =IF(P18="","",(HLOOKUP($A$2,$C$1:$S$2,2,FALSE))*P18/(HLOOKUP(P$6,$C$1:$S$2,2,FALSE))) | Q43: =IF(Q18="","",(HLOOKUP($A$2,$C$1:$S$2,2,FALSE))*Q18/(HLOOKUP(S$6,$C$1:$S$2,2,FALSE))) | R43: =IF(R18="","",(HLOOKUP($A$2,$C$1:$S$2,2,FALSE))*R18/(HLOOKUP(S$6,$C$1:$S$2,2,FALSE))) | S43: =IF(S18="","",(HLOOKUP($A$2,$C$1:$S$2,2,FALSE))*S18/(HLOOKUP(S$6,$C$1:$S$2,2,FALSE))) | T43: =IF(T18="","",IF($A$2="°F",Patrones!T18*1.8+32,Patrones!T18)) | U43: =IF(U18="","",IF($A$2="°F",Patrones!U18*1.8+32,Patrones!U18)) | V43: =IF(V18="","",IF($A$2="°F",Patrones!V18*1.8+32,Patrones!V18)) | W43: =IF(W18="","",(HLOOKUP($A$2,$C$1:$S$2,2,FALSE))*W18/(HLOOKUP(Y$6,$C$1:$S$2,2,FALSE))) | X43: =IF(X18="","",(HLOOKUP($A$2,$C$1:$S$2,2,FALSE))*X18/(HLOOKUP(Y$6,$C$1:$S$2,2,FALSE))) | Y43: =IF(Y18="","",(HLOOKUP($A$2,$C$1:$S$2,2,FALSE))*Y18/(HLOOKUP(Y$6,$C$1:$S$2,2,FALSE))) | Z43: =IF(Z18="","",IF($A$2="°F",Patrones!Z18*1.8+32,Patrones!Z18)) -> 139.87 | AA43: =IF(AA18="","",IF($A$2="°F",Patrones!AA18*1.8+32,Patrones!AA18)) -> 0 | AB43: =IF(AB18="","",IF($A$2="°F",Patrones!AB18*1.8+32,Patrones!AB18)) -> 0.13 | AC43: =IF(AC18="","",IF($A$2="°F",Patrones!AC18*1.8+32,Patrones!AC18)) -> 139.87 | AD43: =IF(AD18="","",IF($A$2="°F",Patrones!AD18*1.8+32,Patrones!AD18)) -> 0 | AE43: =IF(AE18="","",IF($A$2="°F",Patrones!AE18*1.8+32,Patrones!AE18)) -> 0.13 | AF43: =IF(AF18="","",IF($A$2="°F",Patrones!AF18*1.8+32,Patrones!AF18)) -> 139.87 | AG43: =IF(AG18="","",IF($A$2="°F",Patrones!AG18*1.8+32,Patrones!AG18)) -> 0 | ... AZ43: =IF(AZ18="","",IF($A$2="°F",Patrones!AZ18*1.8+32,Patrones!AZ18)) | BA43: 11
B44: =IF(B19="","",IF($A$2="°F",Patrones!B19*1.8+32,Patrones!B19)) -> 120.033 | C44: =IF(C19="","",IF($A$2="°F",Patrones!C19*1.8+32,Patrones!C19)) -> 0.21 | D44: =IF(D19="","",IF($A$2="°F",Patrones!D19*1.8+32,Patrones!D19)) -> 0.042 | E44: =IF(E19="","",(HLOOKUP($A$2,$C$1:$S$2,2,FALSE))*E19/(HLOOKUP(G$6,$C$1:$S$2,2,FALSE))) | F44: =IF(F19="","",(HLOOKUP($A$2,$C$1:$S$2,2,FALSE))*F19/(HLOOKUP(G$6,$C$1:$S$2,2,FALSE))) | G44: =IF(G19="","",(HLOOKUP($A$2,$C$1:$S$2,2,FALSE))*G19/(HLOOKUP(G$6,$C$1:$S$2,2,FALSE))) | H44: =IF(H19="","",IF($A$2="°F",Patrones!H19*1.8+32,Patrones!H19)) -> 249.932 | I44: =IF(I19="","",IF($A$2="°F",Patrones!I19*1.8+32,Patrones!I19)) -> -0.019 | J44: =IF(J19="","",IF($A$2="°F",Patrones!J19*1.8+32,Patrones!J19)) -> 0.067 | K44: =IF(K19="","",IF($A$2="°F",Patrones!K19*1.8+32,Patrones!K19)) | L44: =IF(L19="","",IF($A$2="°F",Patrones!L19*1.8+32,Patrones!L19)) | M44: =IF(M19="","",IF($A$2="°F",Patrones!M19*1.8+32,Patrones!M19)) | O44: =IF(O19="","",(HLOOKUP($A$2,$C$1:$S$2,2,FALSE))*O19/(HLOOKUP(P$6,$C$1:$S$2,2,FALSE))) | P44: =IF(P19="","",(HLOOKUP($A$2,$C$1:$S$2,2,FALSE))*P19/(HLOOKUP(P$6,$C$1:$S$2,2,FALSE))) | Q44: =IF(Q19="","",(HLOOKUP($A$2,$C$1:$S$2,2,FALSE))*Q19/(HLOOKUP(S$6,$C$1:$S$2,2,FALSE))) | R44: =IF(R19="","",(HLOOKUP($A$2,$C$1:$S$2,2,FALSE))*R19/(HLOOKUP(S$6,$C$1:$S$2,2,FALSE))) | S44: =IF(S19="","",(HLOOKUP($A$2,$C$1:$S$2,2,FALSE))*S19/(HLOOKUP(S$6,$C$1:$S$2,2,FALSE))) | T44: =IF(T19="","",IF($A$2="°F",Patrones!T19*1.8+32,Patrones!T19)) | U44: =IF(U19="","",IF($A$2="°F",Patrones!U19*1.8+32,Patrones!U19)) | V44: =IF(V19="","",IF($A$2="°F",Patrones!V19*1.8+32,Patrones!V19)) | W44: =IF(W19="","",(HLOOKUP($A$2,$C$1:$S$2,2,FALSE))*W19/(HLOOKUP(Y$6,$C$1:$S$2,2,FALSE))) | X44: =IF(X19="","",(HLOOKUP($A$2,$C$1:$S$2,2,FALSE))*X19/(HLOOKUP(Y$6,$C$1:$S$2,2,FALSE))) | Y44: =IF(Y19="","",(HLOOKUP($A$2,$C$1:$S$2,2,FALSE))*Y19/(HLOOKUP(Y$6,$C$1:$S$2,2,FALSE))) | Z44: =IF(Z19="","",IF($A$2="°F",Patrones!Z19*1.8+32,Patrones!Z19)) | AA44: =IF(AA19="","",IF($A$2="°F",Patrones!AA19*1.8+32,Patrones!AA19)) | AB44: =IF(AB19="","",IF($A$2="°F",Patrones!AB19*1.8+32,Patrones!AB19)) | AC44: =IF(AC19="","",IF($A$2="°F",Patrones!AC19*1.8+32,Patrones!AC19)) | AD44: =IF(AD19="","",IF($A$2="°F",Patrones!AD19*1.8+32,Patrones!AD19)) | AE44: =IF(AE19="","",IF($A$2="°F",Patrones!AE19*1.8+32,Patrones!AE19)) | AF44: =IF(AF19="","",IF($A$2="°F",Patrones!AF19*1.8+32,Patrones!AF19)) | AG44: =IF(AG19="","",IF($A$2="°F",Patrones!AG19*1.8+32,Patrones!AG19)) | ... AN44: =IF(AN19="","",IF($A$2="°F",Patrones!AN19*1.8+32,Patrones!AN19)) -> 0.153 | AO44: =IF(AO19="","",(HLOOKUP($A$2,$C$1:$S$2,2,FALSE))*AO19/(HLOOKUP(AQ$6,$C$1:$S$2,2,FALSE))) | AP44: =IF(AP19="","",(HLOOKUP($A$2,$C$1:$S$2,2,FALSE))*AP19/(HLOOKUP(AQ$6,$C$1:$S$2,2,FALSE))) | AQ44: =IF(AQ19="","",(HLOOKUP($A$2,$C$1:$S$2,2,FALSE))*AQ19/(HLOOKUP(AQ$6,$C$1:$S$2,2,FALSE))) | AR44: =IF(AR19="","",(HLOOKUP($A$2,$C$1:$S$2,2,FALSE))*AR19/(HLOOKUP(AT$6,$C$1:$S$2,2,FALSE))) | AS44: =IF(AS19="","",(HLOOKUP($A$2,$C$1:$S$2,2,FALSE))*AS19/(HLOOKUP(AT$6,$C$1:$S$2,2,FALSE))) | AT44: =IF(AT19="","",(HLOOKUP($A$2,$C$1:$S$2,2,FALSE))*AT19/(HLOOKUP(AT$6,$C$1:$S$2,2,FALSE))) | AU44: =IF(AU19="","",(HLOOKUP($A$2,$C$1:$S$2,2,FALSE))*AU19/(HLOOKUP(AW$6,$C$1:$S$2,2,FALSE))) | AV44: =IF(AV19="","",(HLOOKUP($A$2,$C$1:$S$2,2,FALSE))*AV19/(HLOOKUP(AW$6,$C$1:$S$2,2,FALSE))) | AW44: =IF(AW19="","",(HLOOKUP($A$2,$C$1:$S$2,2,FALSE))*AW19/(HLOOKUP(AW$6,$C$1:$S$2,2,FALSE))) | AX44: =IF(AX19="","",(HLOOKUP($A$2,$C$1:$S$2,2,FALSE))*AX19/(HLOOKUP(AZ$6,$C$1:$S$2,2,FALSE))) | AY44: =IF(AY19="","",(HLOOKUP($A$2,$C$1:$S$2,2,FALSE))*AY19/(HLOOKUP(AZ$6,$C$1:$S$2,2,FALSE))) | AZ44: =IF(AZ19="","",(HLOOKUP($A$2,$C$1:$S$2,2,FALSE))*AZ19/(HLOOKUP(AZ$6,$C$1:$S$2,2,FALSE))) | BA44: 12
B45: =IF(B20="","",IF($A$2="°F",Patrones!B20*1.8+32,Patrones!B20)) -> 149.391 | C45: =IF(C20="","",IF($A$2="°F",Patrones!C20*1.8+32,Patrones!C20)) -> 0.088 | D45: =IF(D20="","",IF($A$2="°F",Patrones!D20*1.8+32,Patrones!D20)) -> 0.042 | E45: =IF(E20="","",(HLOOKUP($A$2,$C$1:$S$2,2,FALSE))*E20/(HLOOKUP(G$6,$C$1:$S$2,2,FALSE))) | F45: =IF(F20="","",(HLOOKUP($A$2,$C$1:$S$2,2,FALSE))*F20/(HLOOKUP(G$6,$C$1:$S$2,2,FALSE))) | G45: =IF(G20="","",(HLOOKUP($A$2,$C$1:$S$2,2,FALSE))*G20/(HLOOKUP(G$6,$C$1:$S$2,2,FALSE))) | H45: =IF(H20="","",IF($A$2="°F",Patrones!H20*1.8+32,Patrones!H20)) -> 299.95 | I45: =IF(I20="","",IF($A$2="°F",Patrones!I20*1.8+32,Patrones!I20)) -> -0.021 | J45: =IF(J20="","",IF($A$2="°F",Patrones!J20*1.8+32,Patrones!J20)) -> 0.11 | K45: =IF(K20="","",IF($A$2="°F",Patrones!K20*1.8+32,Patrones!K20)) | L45: =IF(L20="","",IF($A$2="°F",Patrones!L20*1.8+32,Patrones!L20)) | M45: =IF(M20="","",IF($A$2="°F",Patrones!M20*1.8+32,Patrones!M20)) | O45: =IF(O20="","",(HLOOKUP($A$2,$C$1:$S$2,2,FALSE))*O20/(HLOOKUP(P$6,$C$1:$S$2,2,FALSE))) | P45: =IF(P20="","",(HLOOKUP($A$2,$C$1:$S$2,2,FALSE))*P20/(HLOOKUP(P$6,$C$1:$S$2,2,FALSE))) | Q45: =IF(Q20="","",(HLOOKUP($A$2,$C$1:$S$2,2,FALSE))*Q20/(HLOOKUP(S$6,$C$1:$S$2,2,FALSE))) | R45: =IF(R20="","",(HLOOKUP($A$2,$C$1:$S$2,2,FALSE))*R20/(HLOOKUP(S$6,$C$1:$S$2,2,FALSE))) | S45: =IF(S20="","",(HLOOKUP($A$2,$C$1:$S$2,2,FALSE))*S20/(HLOOKUP(S$6,$C$1:$S$2,2,FALSE))) | T45: =IF(T20="","",IF($A$2="°F",Patrones!T20*1.8+32,Patrones!T20)) | U45: =IF(U20="","",IF($A$2="°F",Patrones!U20*1.8+32,Patrones!U20)) | V45: =IF(V20="","",IF($A$2="°F",Patrones!V20*1.8+32,Patrones!V20)) | W45: =IF(W20="","",(HLOOKUP($A$2,$C$1:$S$2,2,FALSE))*W20/(HLOOKUP(Y$6,$C$1:$S$2,2,FALSE))) | X45: =IF(X20="","",(HLOOKUP($A$2,$C$1:$S$2,2,FALSE))*X20/(HLOOKUP(Y$6,$C$1:$S$2,2,FALSE))) | Y45: =IF(Y20="","",(HLOOKUP($A$2,$C$1:$S$2,2,FALSE))*Y20/(HLOOKUP(Y$6,$C$1:$S$2,2,FALSE))) | Z45: =IF(Z20="","",(HLOOKUP($A$2,$C$1:$S$2,2,FALSE))*Z20/(HLOOKUP(AB$6,$C$1:$S$2,2,FALSE))) | AA45: =IF(AA20="","",(HLOOKUP($A$2,$C$1:$S$2,2,FALSE))*AA20/(HLOOKUP(AB$6,$C$1:$S$2,2,FALSE))) | AB45: =IF(AB20="","",(HLOOKUP($A$2,$C$1:$S$2,2,FALSE))*AB20/(HLOOKUP(AB$6,$C$1:$S$2,2,FALSE))) | AC45: =IF(AC20="","",(HLOOKUP($A$2,$C$1:$S$2,2,FALSE))*AC20/(HLOOKUP(AE$6,$C$1:$S$2,2,FALSE))) | AD45: =IF(AD20="","",(HLOOKUP($A$2,$C$1:$S$2,2,FALSE))*AD20/(HLOOKUP(AE$6,$C$1:$S$2,2,FALSE))) | AE45: =IF(AE20="","",(HLOOKUP($A$2,$C$1:$S$2,2,FALSE))*AE20/(HLOOKUP(AE$6,$C$1:$S$2,2,FALSE))) | AF45: =IF(AF20="","",(HLOOKUP($A$2,$C$1:$S$2,2,FALSE))*AF20/(HLOOKUP(AH$6,$C$1:$S$2,2,FALSE))) | AG45: =IF(AG20="","",(HLOOKUP($A$2,$C$1:$S$2,2,FALSE))*AG20/(HLOOKUP(AH$6,$C$1:$S$2,2,FALSE))) | AH45: =IF(AH20="","",(HLOOKUP($A$2,$C$1:$S$2,2,FALSE))*AH20/(HLOOKUP(AH$6,$C$1:$S$2,2,FALSE))) | AI45: =IF(AI20="","",(HLOOKUP($A$2,$C$1:$S$2,2,FALSE))*AI20/(HLOOKUP(AK$6,$C$1:$S$2,2,FALSE))) | AJ45: =IF(AJ20="","",(HLOOKUP($A$2,$C$1:$S$2,2,FALSE))*AJ20/(HLOOKUP(AK$6,$C$1:$S$2,2,FALSE))) | AK45: =IF(AK20="","",(HLOOKUP($A$2,$C$1:$S$2,2,FALSE))*AK20/(HLOOKUP(AK$6,$C$1:$S$2,2,FALSE))) | AL45: =IF(AL20="","",IF($A$2="°F",Patrones!AL20*1.8+32,Patrones!AL20)) -> 300.2 | AM45: =IF(AM20="","",IF($A$2="°F",Patrones!AM20*1.8+32,Patrones!AM20)) -> 0.153 | AN45: =IF(AN20="","",IF($A$2="°F",Patrones!AN20*1.8+32,Patrones!AN20)) -> 0.153 | AO45: =IF(AO20="","",(HLOOKUP($A$2,$C$1:$S$2,2,FALSE))*AO20/(HLOOKUP(AQ$6,$C$1:$S$2,2,FALSE))) | AP45: =IF(AP20="","",(HLOOKUP($A$2,$C$1:$S$2,2,FALSE))*AP20/(HLOOKUP(AQ$6,$C$1:$S$2,2,FALSE))) | AQ45: =IF(AQ20="","",(HLOOKUP($A$2,$C$1:$S$2,2,FALSE))*AQ20/(HLOOKUP(AQ$6,$C$1:$S$2,2,FALSE))) | AR45: =IF(AR20="","",(HLOOKUP($A$2,$C$1:$S$2,2,FALSE))*AR20/(HLOOKUP(AT$6,$C$1:$S$2,2,FALSE))) | AS45: =IF(AS20="","",(HLOOKUP($A$2,$C$1:$S$2,2,FALSE))*AS20/(HLOOKUP(AT$6,$C$1:$S$2,2,FALSE))) | AT45: =IF(AT20="","",(HLOOKUP($A$2,$C$1:$S$2,2,FALSE))*AT20/(HLOOKUP(AT$6,$C$1:$S$2,2,FALSE))) | AU45: =IF(AU20="","",(HLOOKUP($A$2,$C$1:$S$2,2,FALSE))*AU20/(HLOOKUP(AW$6,$C$1:$S$2,2,FALSE))) | AV45: =IF(AV20="","",(HLOOKUP($A$2,$C$1:$S$2,2,FALSE))*AV20/(HLOOKUP(AW$6,$C$1:$S$2,2,FALSE))) | AW45: =IF(AW20="","",(HLOOKUP($A$2,$C$1:$S$2,2,FALSE))*AW20/(HLOOKUP(AW$6,$C$1:$S$2,2,FALSE))) | AX45: =IF(AX20="","",(HLOOKUP($A$2,$C$1:$S$2,2,FALSE))*AX20/(HLOOKUP(AZ$6,$C$1:$S$2,2,FALSE))) | AY45: =IF(AY20="","",(HLOOKUP($A$2,$C$1:$S$2,2,FALSE))*AY20/(HLOOKUP(AZ$6,$C$1:$S$2,2,FALSE))) | AZ45: =IF(AZ20="","",(HLOOKUP($A$2,$C$1:$S$2,2,FALSE))*AZ20/(HLOOKUP(AZ$6,$C$1:$S$2,2,FALSE))) | BA45: 13
B46: =IF(B21="","",IF($A$2="°F",Patrones!B21*1.8+32,Patrones!B21)) -> 199.305 | C46: =IF(C21="","",IF($A$2="°F",Patrones!C21*1.8+32,Patrones!C21)) -> 0.239 | D46: =IF(D21="","",IF($A$2="°F",Patrones!D21*1.8+32,Patrones!D21)) -> 0.042 | E46: =IF(E21="","",(HLOOKUP($A$2,$C$1:$S$2,2,FALSE))*E21/(HLOOKUP(G$6,$C$1:$S$2,2,FALSE))) | F46: =IF(F21="","",(HLOOKUP($A$2,$C$1:$S$2,2,FALSE))*F21/(HLOOKUP(G$6,$C$1:$S$2,2,FALSE))) | G46: =IF(G21="","",(HLOOKUP($A$2,$C$1:$S$2,2,FALSE))*G21/(HLOOKUP(G$6,$C$1:$S$2,2,FALSE))) | H46: =IF(H21="","",IF($A$2="°F",Patrones!H21*1.8+32,Patrones!H21)) -> 349.95 | I46: =IF(I21="","",IF($A$2="°F",Patrones!I21*1.8+32,Patrones!I21)) -> 0.011 | J46: =IF(J21="","",IF($A$2="°F",Patrones!J21*1.8+32,Patrones!J21)) -> 0.11 | K46: =IF(K21="","",(HLOOKUP($A$2,$C$1:$S$2,2,FALSE))*K21/(HLOOKUP(M$6,$C$1:$S$2,2,FALSE))) | L46: =IF(L21="","",(HLOOKUP($A$2,$C$1:$S$2,2,FALSE))*L21/(HLOOKUP(M$6,$C$1:$S$2,2,FALSE))) | M46: =IF(M21="","",(HLOOKUP($A$2,$C$1:$S$2,2,FALSE))*M21/(HLOOKUP(M$6,$C$1:$S$2,2,FALSE))) | O46: =IF(O21="","",(HLOOKUP($A$2,$C$1:$S$2,2,FALSE))*O21/(HLOOKUP(P$6,$C$1:$S$2,2,FALSE))) | P46: =IF(P21="","",(HLOOKUP($A$2,$C$1:$S$2,2,FALSE))*P21/(HLOOKUP(P$6,$C$1:$S$2,2,FALSE))) | Q46: =IF(Q21="","",(HLOOKUP($A$2,$C$1:$S$2,2,FALSE))*Q21/(HLOOKUP(S$6,$C$1:$S$2,2,FALSE))) | R46: =IF(R21="","",(HLOOKUP($A$2,$C$1:$S$2,2,FALSE))*R21/(HLOOKUP(S$6,$C$1:$S$2,2,FALSE))) | S46: =IF(S21="","",(HLOOKUP($A$2,$C$1:$S$2,2,FALSE))*S21/(HLOOKUP(S$6,$C$1:$S$2,2,FALSE))) | T46: =IF(T21="","",(HLOOKUP($A$2,$C$1:$S$2,2,FALSE))*T21/(HLOOKUP(V$6,$C$1:$S$2,2,FALSE))) | U46: =IF(U21="","",(HLOOKUP($A$2,$C$1:$S$2,2,FALSE))*U21/(HLOOKUP(V$6,$C$1:$S$2,2,FALSE))) | V46: =IF(V21="","",(HLOOKUP($A$2,$C$1:$S$2,2,FALSE))*V21/(HLOOKUP(V$6,$C$1:$S$2,2,FALSE))) | W46: =IF(W21="","",(HLOOKUP($A$2,$C$1:$S$2,2,FALSE))*W21/(HLOOKUP(Y$6,$C$1:$S$2,2,FALSE))) | X46: =IF(X21="","",(HLOOKUP($A$2,$C$1:$S$2,2,FALSE))*X21/(HLOOKUP(Y$6,$C$1:$S$2,2,FALSE))) | Y46: =IF(Y21="","",(HLOOKUP($A$2,$C$1:$S$2,2,FALSE))*Y21/(HLOOKUP(Y$6,$C$1:$S$2,2,FALSE))) | Z46: =IF(Z21="","",(HLOOKUP($A$2,$C$1:$S$2,2,FALSE))*Z21/(HLOOKUP(AB$6,$C$1:$S$2,2,FALSE))) | AA46: =IF(AA21="","",(HLOOKUP($A$2,$C$1:$S$2,2,FALSE))*AA21/(HLOOKUP(AB$6,$C$1:$S$2,2,FALSE))) | AB46: =IF(AB21="","",(HLOOKUP($A$2,$C$1:$S$2,2,FALSE))*AB21/(HLOOKUP(AB$6,$C$1:$S$2,2,FALSE))) | AC46: =IF(AC21="","",(HLOOKUP($A$2,$C$1:$S$2,2,FALSE))*AC21/(HLOOKUP(AE$6,$C$1:$S$2,2,FALSE))) | AD46: =IF(AD21="","",(HLOOKUP($A$2,$C$1:$S$2,2,FALSE))*AD21/(HLOOKUP(AE$6,$C$1:$S$2,2,FALSE))) | AE46: =IF(AE21="","",(HLOOKUP($A$2,$C$1:$S$2,2,FALSE))*AE21/(HLOOKUP(AE$6,$C$1:$S$2,2,FALSE))) | AF46: =IF(AF21="","",(HLOOKUP($A$2,$C$1:$S$2,2,FALSE))*AF21/(HLOOKUP(AH$6,$C$1:$S$2,2,FALSE))) | AG46: =IF(AG21="","",(HLOOKUP($A$2,$C$1:$S$2,2,FALSE))*AG21/(HLOOKUP(AH$6,$C$1:$S$2,2,FALSE))) | AH46: =IF(AH21="","",(HLOOKUP($A$2,$C$1:$S$2,2,FALSE))*AH21/(HLOOKUP(AH$6,$C$1:$S$2,2,FALSE))) | AI46: =IF(AI21="","",(HLOOKUP($A$2,$C$1:$S$2,2,FALSE))*AI21/(HLOOKUP(AK$6,$C$1:$S$2,2,FALSE))) | AJ46: =IF(AJ21="","",(HLOOKUP($A$2,$C$1:$S$2,2,FALSE))*AJ21/(HLOOKUP(AK$6,$C$1:$S$2,2,FALSE))) | AK46: =IF(AK21="","",(HLOOKUP($A$2,$C$1:$S$2,2,FALSE))*AK21/(HLOOKUP(AK$6,$C$1:$S$2,2,FALSE))) | AL46: =IF(AL21="","",(HLOOKUP($A$2,$C$1:$S$2,2,FALSE))*AL21/(HLOOKUP(AN$6,$C$1:$S$2,2,FALSE))) | AM46: =IF(AM21="","",(HLOOKUP($A$2,$C$1:$S$2,2,FALSE))*AM21/(HLOOKUP(AN$6,$C$1:$S$2,2,FALSE))) | AN46: =IF(AN21="","",(HLOOKUP($A$2,$C$1:$S$2,2,FALSE))*AN21/(HLOOKUP(AN$6,$C$1:$S$2,2,FALSE))) | AO46: =IF(AO21="","",(HLOOKUP($A$2,$C$1:$S$2,2,FALSE))*AO21/(HLOOKUP(AQ$6,$C$1:$S$2,2,FALSE))) | AP46: =IF(AP21="","",(HLOOKUP($A$2,$C$1:$S$2,2,FALSE))*AP21/(HLOOKUP(AQ$6,$C$1:$S$2,2,FALSE))) | AQ46: =IF(AQ21="","",(HLOOKUP($A$2,$C$1:$S$2,2,FALSE))*AQ21/(HLOOKUP(AQ$6,$C$1:$S$2,2,FALSE))) | AR46: =IF(AR21="","",(HLOOKUP($A$2,$C$1:$S$2,2,FALSE))*AR21/(HLOOKUP(AT$6,$C$1:$S$2,2,FALSE))) | AS46: =IF(AS21="","",(HLOOKUP($A$2,$C$1:$S$2,2,FALSE))*AS21/(HLOOKUP(AT$6,$C$1:$S$2,2,FALSE))) | AT46: =IF(AT21="","",(HLOOKUP($A$2,$C$1:$S$2,2,FALSE))*AT21/(HLOOKUP(AT$6,$C$1:$S$2,2,FALSE))) | AU46: =IF(AU21="","",(HLOOKUP($A$2,$C$1:$S$2,2,FALSE))*AU21/(HLOOKUP(AW$6,$C$1:$S$2,2,FALSE))) | AV46: =IF(AV21="","",(HLOOKUP($A$2,$C$1:$S$2,2,FALSE))*AV21/(HLOOKUP(AW$6,$C$1:$S$2,2,FALSE))) | AW46: =IF(AW21="","",(HLOOKUP($A$2,$C$1:$S$2,2,FALSE))*AW21/(HLOOKUP(AW$6,$C$1:$S$2,2,FALSE))) | AX46: =IF(AX21="","",(HLOOKUP($A$2,$C$1:$S$2,2,FALSE))*AX21/(HLOOKUP(AZ$6,$C$1:$S$2,2,FALSE))) | AY46: =IF(AY21="","",(HLOOKUP($A$2,$C$1:$S$2,2,FALSE))*AY21/(HLOOKUP(AZ$6,$C$1:$S$2,2,FALSE))) | AZ46: =IF(AZ21="","",(HLOOKUP($A$2,$C$1:$S$2,2,FALSE))*AZ21/(HLOOKUP(AZ$6,$C$1:$S$2,2,FALSE))) | BA46: 14
B47: =IF(B22="","",IF($A$2="°F",Patrones!B22*1.8+32,Patrones!B22)) -> 249.587 | C47: =IF(C22="","",IF($A$2="°F",Patrones!C22*1.8+32,Patrones!C22)) -> 0.245 | D47: =IF(D22="","",IF($A$2="°F",Patrones!D22*1.8+32,Patrones!D22)) -> 0.042 | E47: =IF(E22="","",(HLOOKUP($A$2,$C$1:$S$2,2,FALSE))*E22/(HLOOKUP(G$6,$C$1:$S$2,2,FALSE))) | F47: =IF(F22="","",(HLOOKUP($A$2,$C$1:$S$2,2,FALSE))*F22/(HLOOKUP(G$6,$C$1:$S$2,2,FALSE))) | G47: =IF(G22="","",(HLOOKUP($A$2,$C$1:$S$2,2,FALSE))*G22/(HLOOKUP(G$6,$C$1:$S$2,2,FALSE))) | H47: =IF(H22="","",IF($A$2="°F",Patrones!H22*1.8+32,Patrones!H22)) -> 400 | I47: =IF(I22="","",IF($A$2="°F",Patrones!I22*1.8+32,Patrones!I22)) -> 0.032 | J47: =IF(J22="","",IF($A$2="°F",Patrones!J22*1.8+32,Patrones!J22)) -> 0.11 | K47: =IF(K22="","",(HLOOKUP($A$2,$C$1:$S$2,2,FALSE))*K22/(HLOOKUP(M$6,$C$1:$S$2,2,FALSE))) | L47: =IF(L22="","",(HLOOKUP($A$2,$C$1:$S$2,2,FALSE))*L22/(HLOOKUP(M$6,$C$1:$S$2,2,FALSE))) | M47: =IF(M22="","",(HLOOKUP($A$2,$C$1:$S$2,2,FALSE))*M22/(HLOOKUP(M$6,$C$1:$S$2,2,FALSE))) | O47: =IF(O22="","",(HLOOKUP($A$2,$C$1:$S$2,2,FALSE))*O22/(HLOOKUP(P$6,$C$1:$S$2,2,FALSE))) | P47: =IF(P22="","",(HLOOKUP($A$2,$C$1:$S$2,2,FALSE))*P22/(HLOOKUP(P$6,$C$1:$S$2,2,FALSE))) | Q47: =IF(Q22="","",(HLOOKUP($A$2,$C$1:$S$2,2,FALSE))*Q22/(HLOOKUP(S$6,$C$1:$S$2,2,FALSE))) | R47: =IF(R22="","",(HLOOKUP($A$2,$C$1:$S$2,2,FALSE))*R22/(HLOOKUP(S$6,$C$1:$S$2,2,FALSE))) | S47: =IF(S22="","",(HLOOKUP($A$2,$C$1:$S$2,2,FALSE))*S22/(HLOOKUP(S$6,$C$1:$S$2,2,FALSE))) | T47: =IF(T22="","",(HLOOKUP($A$2,$C$1:$S$2,2,FALSE))*T22/(HLOOKUP(V$6,$C$1:$S$2,2,FALSE))) | U47: =IF(U22="","",(HLOOKUP($A$2,$C$1:$S$2,2,FALSE))*U22/(HLOOKUP(V$6,$C$1:$S$2,2,FALSE))) | V47: =IF(V22="","",(HLOOKUP($A$2,$C$1:$S$2,2,FALSE))*V22/(HLOOKUP(V$6,$C$1:$S$2,2,FALSE))) | W47: =IF(W22="","",(HLOOKUP($A$2,$C$1:$S$2,2,FALSE))*W22/(HLOOKUP(Y$6,$C$1:$S$2,2,FALSE))) | X47: =IF(X22="","",(HLOOKUP($A$2,$C$1:$S$2,2,FALSE))*X22/(HLOOKUP(Y$6,$C$1:$S$2,2,FALSE))) | Y47: =IF(Y22="","",(HLOOKUP($A$2,$C$1:$S$2,2,FALSE))*Y22/(HLOOKUP(Y$6,$C$1:$S$2,2,FALSE))) | Z47: =IF(Z22="","",(HLOOKUP($A$2,$C$1:$S$2,2,FALSE))*Z22/(HLOOKUP(AB$6,$C$1:$S$2,2,FALSE))) | AA47: =IF(AA22="","",(HLOOKUP($A$2,$C$1:$S$2,2,FALSE))*AA22/(HLOOKUP(AB$6,$C$1:$S$2,2,FALSE))) | AB47: =IF(AB22="","",(HLOOKUP($A$2,$C$1:$S$2,2,FALSE))*AB22/(HLOOKUP(AB$6,$C$1:$S$2,2,FALSE))) | AC47: =IF(AC22="","",(HLOOKUP($A$2,$C$1:$S$2,2,FALSE))*AC22/(HLOOKUP(AE$6,$C$1:$S$2,2,FALSE))) | AD47: =IF(AD22="","",(HLOOKUP($A$2,$C$1:$S$2,2,FALSE))*AD22/(HLOOKUP(AE$6,$C$1:$S$2,2,FALSE))) | AE47: =IF(AE22="","",(HLOOKUP($A$2,$C$1:$S$2,2,FALSE))*AE22/(HLOOKUP(AE$6,$C$1:$S$2,2,FALSE))) | AF47: =IF(AF22="","",(HLOOKUP($A$2,$C$1:$S$2,2,FALSE))*AF22/(HLOOKUP(AH$6,$C$1:$S$2,2,FALSE))) | AG47: =IF(AG22="","",(HLOOKUP($A$2,$C$1:$S$2,2,FALSE))*AG22/(HLOOKUP(AH$6,$C$1:$S$2,2,FALSE))) | AH47: =IF(AH22="","",(HLOOKUP($A$2,$C$1:$S$2,2,FALSE))*AH22/(HLOOKUP(AH$6,$C$1:$S$2,2,FALSE))) | AI47: =IF(AI22="","",(HLOOKUP($A$2,$C$1:$S$2,2,FALSE))*AI22/(HLOOKUP(AK$6,$C$1:$S$2,2,FALSE))) | AJ47: =IF(AJ22="","",(HLOOKUP($A$2,$C$1:$S$2,2,FALSE))*AJ22/(HLOOKUP(AK$6,$C$1:$S$2,2,FALSE))) | AK47: =IF(AK22="","",(HLOOKUP($A$2,$C$1:$S$2,2,FALSE))*AK22/(HLOOKUP(AK$6,$C$1:$S$2,2,FALSE))) | AL47: =IF(AL22="","",(HLOOKUP($A$2,$C$1:$S$2,2,FALSE))*AL22/(HLOOKUP(AN$6,$C$1:$S$2,2,FALSE))) | AM47: =IF(AM22="","",(HLOOKUP($A$2,$C$1:$S$2,2,FALSE))*AM22/(HLOOKUP(AN$6,$C$1:$S$2,2,FALSE))) | AN47: =IF(AN22="","",(HLOOKUP($A$2,$C$1:$S$2,2,FALSE))*AN22/(HLOOKUP(AN$6,$C$1:$S$2,2,FALSE))) | AO47: =IF(AO22="","",(HLOOKUP($A$2,$C$1:$S$2,2,FALSE))*AO22/(HLOOKUP(AQ$6,$C$1:$S$2,2,FALSE))) | AP47: =IF(AP22="","",(HLOOKUP($A$2,$C$1:$S$2,2,FALSE))*AP22/(HLOOKUP(AQ$6,$C$1:$S$2,2,FALSE))) | AQ47: =IF(AQ22="","",(HLOOKUP($A$2,$C$1:$S$2,2,FALSE))*AQ22/(HLOOKUP(AQ$6,$C$1:$S$2,2,FALSE))) | AR47: =IF(AR22="","",(HLOOKUP($A$2,$C$1:$S$2,2,FALSE))*AR22/(HLOOKUP(AT$6,$C$1:$S$2,2,FALSE))) | AS47: =IF(AS22="","",(HLOOKUP($A$2,$C$1:$S$2,2,FALSE))*AS22/(HLOOKUP(AT$6,$C$1:$S$2,2,FALSE))) | AT47: =IF(AT22="","",(HLOOKUP($A$2,$C$1:$S$2,2,FALSE))*AT22/(HLOOKUP(AT$6,$C$1:$S$2,2,FALSE))) | AU47: =IF(AU22="","",(HLOOKUP($A$2,$C$1:$S$2,2,FALSE))*AU22/(HLOOKUP(AW$6,$C$1:$S$2,2,FALSE))) | AV47: =IF(AV22="","",(HLOOKUP($A$2,$C$1:$S$2,2,FALSE))*AV22/(HLOOKUP(AW$6,$C$1:$S$2,2,FALSE))) | AW47: =IF(AW22="","",(HLOOKUP($A$2,$C$1:$S$2,2,FALSE))*AW22/(HLOOKUP(AW$6,$C$1:$S$2,2,FALSE))) | AX47: =IF(AX22="","",(HLOOKUP($A$2,$C$1:$S$2,2,FALSE))*AX22/(HLOOKUP(AZ$6,$C$1:$S$2,2,FALSE))) | AY47: =IF(AY22="","",(HLOOKUP($A$2,$C$1:$S$2,2,FALSE))*AY22/(HLOOKUP(AZ$6,$C$1:$S$2,2,FALSE))) | AZ47: =IF(AZ22="","",(HLOOKUP($A$2,$C$1:$S$2,2,FALSE))*AZ22/(HLOOKUP(AZ$6,$C$1:$S$2,2,FALSE))) | BA47: 15
B48: =IF(B23="","",IF($A$2="°F",Patrones!B23*1.8+32,Patrones!B23)) -> 299.308 | C48: =IF(C23="","",IF($A$2="°F",Patrones!C23*1.8+32,Patrones!C23)) -> 0.275 | D48: =IF(D23="","",IF($A$2="°F",Patrones!D23*1.8+32,Patrones!D23)) -> 0.042 | E48: =IF(E23="","",(HLOOKUP($A$2,$C$1:$S$2,2,FALSE))*E23/(HLOOKUP(G$6,$C$1:$S$2,2,FALSE))) | F48: =IF(F23="","",(HLOOKUP($A$2,$C$1:$S$2,2,FALSE))*F23/(HLOOKUP(G$6,$C$1:$S$2,2,FALSE))) | G48: =IF(G23="","",(HLOOKUP($A$2,$C$1:$S$2,2,FALSE))*G23/(HLOOKUP(G$6,$C$1:$S$2,2,FALSE))) | H48: =IF(H23="","",IF($A$2="°F",Patrones!H23*1.8+32,Patrones!H23)) | I48: =IF(I23="","",(HLOOKUP($A$2,$C$1:$S$2,2,FALSE))*I23/(HLOOKUP(J$6,$C$1:$S$2,2,FALSE))) | J48: =IF(J23="","",(HLOOKUP($A$2,$C$1:$S$2,2,FALSE))*J23/(HLOOKUP(J$6,$C$1:$S$2,2,FALSE))) | K48: =IF(K23="","",(HLOOKUP($A$2,$C$1:$S$2,2,FALSE))*K23/(HLOOKUP(M$6,$C$1:$S$2,2,FALSE))) | L48: =IF(L23="","",(HLOOKUP($A$2,$C$1:$S$2,2,FALSE))*L23/(HLOOKUP(M$6,$C$1:$S$2,2,FALSE))) | M48: =IF(M23="","",(HLOOKUP($A$2,$C$1:$S$2,2,FALSE))*M23/(HLOOKUP(M$6,$C$1:$S$2,2,FALSE))) | O48: =IF(O23="","",(HLOOKUP($A$2,$C$1:$S$2,2,FALSE))*O23/(HLOOKUP(P$6,$C$1:$S$2,2,FALSE))) | P48: =IF(P23="","",(HLOOKUP($A$2,$C$1:$S$2,2,FALSE))*P23/(HLOOKUP(P$6,$C$1:$S$2,2,FALSE))) | Q48: =IF(Q23="","",(HLOOKUP($A$2,$C$1:$S$2,2,FALSE))*Q23/(HLOOKUP(S$6,$C$1:$S$2,2,FALSE))) | R48: =IF(R23="","",(HLOOKUP($A$2,$C$1:$S$2,2,FALSE))*R23/(HLOOKUP(S$6,$C$1:$S$2,2,FALSE))) | S48: =IF(S23="","",(HLOOKUP($A$2,$C$1:$S$2,2,FALSE))*S23/(HLOOKUP(S$6,$C$1:$S$2,2,FALSE))) | T48: =IF(T23="","",(HLOOKUP($A$2,$C$1:$S$2,2,FALSE))*T23/(HLOOKUP(V$6,$C$1:$S$2,2,FALSE))) | U48: =IF(U23="","",(HLOOKUP($A$2,$C$1:$S$2,2,FALSE))*U23/(HLOOKUP(V$6,$C$1:$S$2,2,FALSE))) | V48: =IF(V23="","",(HLOOKUP($A$2,$C$1:$S$2,2,FALSE))*V23/(HLOOKUP(V$6,$C$1:$S$2,2,FALSE))) | W48: =IF(W23="","",(HLOOKUP($A$2,$C$1:$S$2,2,FALSE))*W23/(HLOOKUP(Y$6,$C$1:$S$2,2,FALSE))) | X48: =IF(X23="","",(HLOOKUP($A$2,$C$1:$S$2,2,FALSE))*X23/(HLOOKUP(Y$6,$C$1:$S$2,2,FALSE))) | Y48: =IF(Y23="","",(HLOOKUP($A$2,$C$1:$S$2,2,FALSE))*Y23/(HLOOKUP(Y$6,$C$1:$S$2,2,FALSE))) | Z48: =IF(Z23="","",(HLOOKUP($A$2,$C$1:$S$2,2,FALSE))*Z23/(HLOOKUP(AB$6,$C$1:$S$2,2,FALSE))) | AA48: =IF(AA23="","",(HLOOKUP($A$2,$C$1:$S$2,2,FALSE))*AA23/(HLOOKUP(AB$6,$C$1:$S$2,2,FALSE))) | AB48: =IF(AB23="","",(HLOOKUP($A$2,$C$1:$S$2,2,FALSE))*AB23/(HLOOKUP(AB$6,$C$1:$S$2,2,FALSE))) | AC48: =IF(AC23="","",(HLOOKUP($A$2,$C$1:$S$2,2,FALSE))*AC23/(HLOOKUP(AE$6,$C$1:$S$2,2,FALSE))) | AD48: =IF(AD23="","",(HLOOKUP($A$2,$C$1:$S$2,2,FALSE))*AD23/(HLOOKUP(AE$6,$C$1:$S$2,2,FALSE))) | AE48: =IF(AE23="","",(HLOOKUP($A$2,$C$1:$S$2,2,FALSE))*AE23/(HLOOKUP(AE$6,$C$1:$S$2,2,FALSE))) | AF48: =IF(AF23="","",(HLOOKUP($A$2,$C$1:$S$2,2,FALSE))*AF23/(HLOOKUP(AH$6,$C$1:$S$2,2,FALSE))) | AG48: =IF(AG23="","",(HLOOKUP($A$2,$C$1:$S$2,2,FALSE))*AG23/(HLOOKUP(AH$6,$C$1:$S$2,2,FALSE))) | AH48: =IF(AH23="","",(HLOOKUP($A$2,$C$1:$S$2,2,FALSE))*AH23/(HLOOKUP(AH$6,$C$1:$S$2,2,FALSE))) | AI48: =IF(AI23="","",(HLOOKUP($A$2,$C$1:$S$2,2,FALSE))*AI23/(HLOOKUP(AK$6,$C$1:$S$2,2,FALSE))) | AJ48: =IF(AJ23="","",(HLOOKUP($A$2,$C$1:$S$2,2,FALSE))*AJ23/(HLOOKUP(AK$6,$C$1:$S$2,2,FALSE))) | AK48: =IF(AK23="","",(HLOOKUP($A$2,$C$1:$S$2,2,FALSE))*AK23/(HLOOKUP(AK$6,$C$1:$S$2,2,FALSE))) | AL48: =IF(AL23="","",(HLOOKUP($A$2,$C$1:$S$2,2,FALSE))*AL23/(HLOOKUP(AN$6,$C$1:$S$2,2,FALSE))) | AM48: =IF(AM23="","",(HLOOKUP($A$2,$C$1:$S$2,2,FALSE))*AM23/(HLOOKUP(AN$6,$C$1:$S$2,2,FALSE))) | AN48: =IF(AN23="","",(HLOOKUP($A$2,$C$1:$S$2,2,FALSE))*AN23/(HLOOKUP(AN$6,$C$1:$S$2,2,FALSE))) | AO48: =IF(AO23="","",(HLOOKUP($A$2,$C$1:$S$2,2,FALSE))*AO23/(HLOOKUP(AQ$6,$C$1:$S$2,2,FALSE))) | AP48: =IF(AP23="","",(HLOOKUP($A$2,$C$1:$S$2,2,FALSE))*AP23/(HLOOKUP(AQ$6,$C$1:$S$2,2,FALSE))) | AQ48: =IF(AQ23="","",(HLOOKUP($A$2,$C$1:$S$2,2,FALSE))*AQ23/(HLOOKUP(AQ$6,$C$1:$S$2,2,FALSE))) | AR48: =IF(AR23="","",(HLOOKUP($A$2,$C$1:$S$2,2,FALSE))*AR23/(HLOOKUP(AT$6,$C$1:$S$2,2,FALSE))) | AS48: =IF(AS23="","",(HLOOKUP($A$2,$C$1:$S$2,2,FALSE))*AS23/(HLOOKUP(AT$6,$C$1:$S$2,2,FALSE))) | AT48: =IF(AT23="","",(HLOOKUP($A$2,$C$1:$S$2,2,FALSE))*AT23/(HLOOKUP(AT$6,$C$1:$S$2,2,FALSE))) | AU48: =IF(AU23="","",(HLOOKUP($A$2,$C$1:$S$2,2,FALSE))*AU23/(HLOOKUP(AW$6,$C$1:$S$2,2,FALSE))) | AV48: =IF(AV23="","",(HLOOKUP($A$2,$C$1:$S$2,2,FALSE))*AV23/(HLOOKUP(AW$6,$C$1:$S$2,2,FALSE))) | AW48: =IF(AW23="","",(HLOOKUP($A$2,$C$1:$S$2,2,FALSE))*AW23/(HLOOKUP(AW$6,$C$1:$S$2,2,FALSE))) | AX48: =IF(AX23="","",(HLOOKUP($A$2,$C$1:$S$2,2,FALSE))*AX23/(HLOOKUP(AZ$6,$C$1:$S$2,2,FALSE))) | AY48: =IF(AY23="","",(HLOOKUP($A$2,$C$1:$S$2,2,FALSE))*AY23/(HLOOKUP(AZ$6,$C$1:$S$2,2,FALSE))) | AZ48: =IF(AZ23="","",(HLOOKUP($A$2,$C$1:$S$2,2,FALSE))*AZ23/(HLOOKUP(AZ$6,$C$1:$S$2,2,FALSE))) | BA48: 16
B49: =IF(B24="","",IF($A$2="°F",Patrones!B24*1.8+32,Patrones!B24)) -> 349.066 | C49: =IF(C24="","",IF($A$2="°F",Patrones!C24*1.8+32,Patrones!C24)) -> 0.325 | D49: =IF(D24="","",IF($A$2="°F",Patrones!D24*1.8+32,Patrones!D24)) -> 0.042 | E49: =IF(E24="","",(HLOOKUP($A$2,$C$1:$S$2,2,FALSE))*E24/(HLOOKUP(G$6,$C$1:$S$2,2,FALSE))) | F49: =IF(F24="","",(HLOOKUP($A$2,$C$1:$S$2,2,FALSE))*F24/(HLOOKUP(G$6,$C$1:$S$2,2,FALSE))) | G49: =IF(G24="","",(HLOOKUP($A$2,$C$1:$S$2,2,FALSE))*G24/(HLOOKUP(G$6,$C$1:$S$2,2,FALSE))) | H49: =IF(H24="","",IF($A$2="°F",Patrones!H24*1.8+32,Patrones!H24)) | I49: =IF(I24="","",(HLOOKUP($A$2,$C$1:$S$2,2,FALSE))*I24/(HLOOKUP(J$6,$C$1:$S$2,2,FALSE))) | J49: =IF(J24="","",(HLOOKUP($A$2,$C$1:$S$2,2,FALSE))*J24/(HLOOKUP(J$6,$C$1:$S$2,2,FALSE))) | K49: =IF(K24="","",(HLOOKUP($A$2,$C$1:$S$2,2,FALSE))*K24/(HLOOKUP(M$6,$C$1:$S$2,2,FALSE))) | L49: =IF(L24="","",(HLOOKUP($A$2,$C$1:$S$2,2,FALSE))*L24/(HLOOKUP(M$6,$C$1:$S$2,2,FALSE))) | M49: =IF(M24="","",(HLOOKUP($A$2,$C$1:$S$2,2,FALSE))*M24/(HLOOKUP(M$6,$C$1:$S$2,2,FALSE))) | O49: =IF(O24="","",(HLOOKUP($A$2,$C$1:$S$2,2,FALSE))*O24/(HLOOKUP(P$6,$C$1:$S$2,2,FALSE))) | P49: =IF(P24="","",(HLOOKUP($A$2,$C$1:$S$2,2,FALSE))*P24/(HLOOKUP(P$6,$C$1:$S$2,2,FALSE))) | Q49: =IF(Q24="","",(HLOOKUP($A$2,$C$1:$S$2,2,FALSE))*Q24/(HLOOKUP(S$6,$C$1:$S$2,2,FALSE))) | R49: =IF(R24="","",(HLOOKUP($A$2,$C$1:$S$2,2,FALSE))*R24/(HLOOKUP(S$6,$C$1:$S$2,2,FALSE))) | S49: =IF(S24="","",(HLOOKUP($A$2,$C$1:$S$2,2,FALSE))*S24/(HLOOKUP(S$6,$C$1:$S$2,2,FALSE))) | T49: =IF(T24="","",(HLOOKUP($A$2,$C$1:$S$2,2,FALSE))*T24/(HLOOKUP(V$6,$C$1:$S$2,2,FALSE))) | U49: =IF(U24="","",(HLOOKUP($A$2,$C$1:$S$2,2,FALSE))*U24/(HLOOKUP(V$6,$C$1:$S$2,2,FALSE))) | V49: =IF(V24="","",(HLOOKUP($A$2,$C$1:$S$2,2,FALSE))*V24/(HLOOKUP(V$6,$C$1:$S$2,2,FALSE))) | W49: =IF(W24="","",(HLOOKUP($A$2,$C$1:$S$2,2,FALSE))*W24/(HLOOKUP(Y$6,$C$1:$S$2,2,FALSE))) | X49: =IF(X24="","",(HLOOKUP($A$2,$C$1:$S$2,2,FALSE))*X24/(HLOOKUP(Y$6,$C$1:$S$2,2,FALSE))) | Y49: =IF(Y24="","",(HLOOKUP($A$2,$C$1:$S$2,2,FALSE))*Y24/(HLOOKUP(Y$6,$C$1:$S$2,2,FALSE))) | Z49: =IF(Z24="","",(HLOOKUP($A$2,$C$1:$S$2,2,FALSE))*Z24/(HLOOKUP(AB$6,$C$1:$S$2,2,FALSE))) | AA49: =IF(AA24="","",(HLOOKUP($A$2,$C$1:$S$2,2,FALSE))*AA24/(HLOOKUP(AB$6,$C$1:$S$2,2,FALSE))) | AB49: =IF(AB24="","",(HLOOKUP($A$2,$C$1:$S$2,2,FALSE))*AB24/(HLOOKUP(AB$6,$C$1:$S$2,2,FALSE))) | AC49: =IF(AC24="","",(HLOOKUP($A$2,$C$1:$S$2,2,FALSE))*AC24/(HLOOKUP(AE$6,$C$1:$S$2,2,FALSE))) | AD49: =IF(AD24="","",(HLOOKUP($A$2,$C$1:$S$2,2,FALSE))*AD24/(HLOOKUP(AE$6,$C$1:$S$2,2,FALSE))) | AE49: =IF(AE24="","",(HLOOKUP($A$2,$C$1:$S$2,2,FALSE))*AE24/(HLOOKUP(AE$6,$C$1:$S$2,2,FALSE))) | AF49: =IF(AF24="","",(HLOOKUP($A$2,$C$1:$S$2,2,FALSE))*AF24/(HLOOKUP(AH$6,$C$1:$S$2,2,FALSE))) | AG49: =IF(AG24="","",(HLOOKUP($A$2,$C$1:$S$2,2,FALSE))*AG24/(HLOOKUP(AH$6,$C$1:$S$2,2,FALSE))) | AH49: =IF(AH24="","",(HLOOKUP($A$2,$C$1:$S$2,2,FALSE))*AH24/(HLOOKUP(AH$6,$C$1:$S$2,2,FALSE))) | AI49: =IF(AI24="","",(HLOOKUP($A$2,$C$1:$S$2,2,FALSE))*AI24/(HLOOKUP(AK$6,$C$1:$S$2,2,FALSE))) | AJ49: =IF(AJ24="","",(HLOOKUP($A$2,$C$1:$S$2,2,FALSE))*AJ24/(HLOOKUP(AK$6,$C$1:$S$2,2,FALSE))) | AK49: =IF(AK24="","",(HLOOKUP($A$2,$C$1:$S$2,2,FALSE))*AK24/(HLOOKUP(AK$6,$C$1:$S$2,2,FALSE))) | AL49: =IF(AL24="","",(HLOOKUP($A$2,$C$1:$S$2,2,FALSE))*AL24/(HLOOKUP(AN$6,$C$1:$S$2,2,FALSE))) | AM49: =IF(AM24="","",(HLOOKUP($A$2,$C$1:$S$2,2,FALSE))*AM24/(HLOOKUP(AN$6,$C$1:$S$2,2,FALSE))) | AN49: =IF(AN24="","",(HLOOKUP($A$2,$C$1:$S$2,2,FALSE))*AN24/(HLOOKUP(AN$6,$C$1:$S$2,2,FALSE))) | AO49: =IF(AO24="","",(HLOOKUP($A$2,$C$1:$S$2,2,FALSE))*AO24/(HLOOKUP(AQ$6,$C$1:$S$2,2,FALSE))) | AP49: =IF(AP24="","",(HLOOKUP($A$2,$C$1:$S$2,2,FALSE))*AP24/(HLOOKUP(AQ$6,$C$1:$S$2,2,FALSE))) | AQ49: =IF(AQ24="","",(HLOOKUP($A$2,$C$1:$S$2,2,FALSE))*AQ24/(HLOOKUP(AQ$6,$C$1:$S$2,2,FALSE))) | AR49: =IF(AR24="","",(HLOOKUP($A$2,$C$1:$S$2,2,FALSE))*AR24/(HLOOKUP(AT$6,$C$1:$S$2,2,FALSE))) | AS49: =IF(AS24="","",(HLOOKUP($A$2,$C$1:$S$2,2,FALSE))*AS24/(HLOOKUP(AT$6,$C$1:$S$2,2,FALSE))) | AT49: =IF(AT24="","",(HLOOKUP($A$2,$C$1:$S$2,2,FALSE))*AT24/(HLOOKUP(AT$6,$C$1:$S$2,2,FALSE))) | AU49: =IF(AU24="","",(HLOOKUP($A$2,$C$1:$S$2,2,FALSE))*AU24/(HLOOKUP(AW$6,$C$1:$S$2,2,FALSE))) | AV49: =IF(AV24="","",(HLOOKUP($A$2,$C$1:$S$2,2,FALSE))*AV24/(HLOOKUP(AW$6,$C$1:$S$2,2,FALSE))) | AW49: =IF(AW24="","",(HLOOKUP($A$2,$C$1:$S$2,2,FALSE))*AW24/(HLOOKUP(AW$6,$C$1:$S$2,2,FALSE))) | AX49: =IF(AX24="","",(HLOOKUP($A$2,$C$1:$S$2,2,FALSE))*AX24/(HLOOKUP(AZ$6,$C$1:$S$2,2,FALSE))) | AY49: =IF(AY24="","",(HLOOKUP($A$2,$C$1:$S$2,2,FALSE))*AY24/(HLOOKUP(AZ$6,$C$1:$S$2,2,FALSE))) | AZ49: =IF(AZ24="","",(HLOOKUP($A$2,$C$1:$S$2,2,FALSE))*AZ24/(HLOOKUP(AZ$6,$C$1:$S$2,2,FALSE))) | BA49: 17
B50: =IF(B25="","",IF($A$2="°F",Patrones!B25*1.8+32,Patrones!B25)) -> 399.317 | C50: =IF(C25="","",IF($A$2="°F",Patrones!C25*1.8+32,Patrones!C25)) -> 0.547 | D50: =IF(D25="","",IF($A$2="°F",Patrones!D25*1.8+32,Patrones!D25)) -> 0.042 | E50: =IF(E25="","",(HLOOKUP($A$2,$C$1:$S$2,2,FALSE))*E25/(HLOOKUP(G$6,$C$1:$S$2,2,FALSE))) | F50: =IF(F25="","",(HLOOKUP($A$2,$C$1:$S$2,2,FALSE))*F25/(HLOOKUP(G$6,$C$1:$S$2,2,FALSE))) | G50: =IF(G25="","",(HLOOKUP($A$2,$C$1:$S$2,2,FALSE))*G25/(HLOOKUP(G$6,$C$1:$S$2,2,FALSE))) | H50: =IF(H25="","",(HLOOKUP($A$2,$C$1:$S$2,2,FALSE))*H25/(HLOOKUP(J$6,$C$1:$S$2,2,FALSE))) | I50: =IF(I25="","",(HLOOKUP($A$2,$C$1:$S$2,2,FALSE))*I25/(HLOOKUP(J$6,$C$1:$S$2,2,FALSE))) | J50: =IF(J25="","",(HLOOKUP($A$2,$C$1:$S$2,2,FALSE))*J25/(HLOOKUP(J$6,$C$1:$S$2,2,FALSE))) | K50: =IF(K25="","",(HLOOKUP($A$2,$C$1:$S$2,2,FALSE))*K25/(HLOOKUP(M$6,$C$1:$S$2,2,FALSE))) | L50: =IF(L25="","",(HLOOKUP($A$2,$C$1:$S$2,2,FALSE))*L25/(HLOOKUP(M$6,$C$1:$S$2,2,FALSE))) | M50: =IF(M25="","",(HLOOKUP($A$2,$C$1:$S$2,2,FALSE))*M25/(HLOOKUP(M$6,$C$1:$S$2,2,FALSE))) | O50: =IF(O25="","",(HLOOKUP($A$2,$C$1:$S$2,2,FALSE))*O25/(HLOOKUP(P$6,$C$1:$S$2,2,FALSE))) | P50: =IF(P25="","",(HLOOKUP($A$2,$C$1:$S$2,2,FALSE))*P25/(HLOOKUP(P$6,$C$1:$S$2,2,FALSE))) | Q50: =IF(Q25="","",(HLOOKUP($A$2,$C$1:$S$2,2,FALSE))*Q25/(HLOOKUP(S$6,$C$1:$S$2,2,FALSE))) | R50: =IF(R25="","",(HLOOKUP($A$2,$C$1:$S$2,2,FALSE))*R25/(HLOOKUP(S$6,$C$1:$S$2,2,FALSE))) | S50: =IF(S25="","",(HLOOKUP($A$2,$C$1:$S$2,2,FALSE))*S25/(HLOOKUP(S$6,$C$1:$S$2,2,FALSE))) | T50: =IF(T25="","",(HLOOKUP($A$2,$C$1:$S$2,2,FALSE))*T25/(HLOOKUP(V$6,$C$1:$S$2,2,FALSE))) | U50: =IF(U25="","",(HLOOKUP($A$2,$C$1:$S$2,2,FALSE))*U25/(HLOOKUP(V$6,$C$1:$S$2,2,FALSE))) | V50: =IF(V25="","",(HLOOKUP($A$2,$C$1:$S$2,2,FALSE))*V25/(HLOOKUP(V$6,$C$1:$S$2,2,FALSE))) | W50: =IF(W25="","",(HLOOKUP($A$2,$C$1:$S$2,2,FALSE))*W25/(HLOOKUP(Y$6,$C$1:$S$2,2,FALSE))) | X50: =IF(X25="","",(HLOOKUP($A$2,$C$1:$S$2,2,FALSE))*X25/(HLOOKUP(Y$6,$C$1:$S$2,2,FALSE))) | Y50: =IF(Y25="","",(HLOOKUP($A$2,$C$1:$S$2,2,FALSE))*Y25/(HLOOKUP(Y$6,$C$1:$S$2,2,FALSE))) | Z50: =IF(Z25="","",(HLOOKUP($A$2,$C$1:$S$2,2,FALSE))*Z25/(HLOOKUP(AB$6,$C$1:$S$2,2,FALSE))) | AA50: =IF(AA25="","",(HLOOKUP($A$2,$C$1:$S$2,2,FALSE))*AA25/(HLOOKUP(AB$6,$C$1:$S$2,2,FALSE))) | AB50: =IF(AB25="","",(HLOOKUP($A$2,$C$1:$S$2,2,FALSE))*AB25/(HLOOKUP(AB$6,$C$1:$S$2,2,FALSE))) | AC50: =IF(AC25="","",(HLOOKUP($A$2,$C$1:$S$2,2,FALSE))*AC25/(HLOOKUP(AE$6,$C$1:$S$2,2,FALSE))) | AD50: =IF(AD25="","",(HLOOKUP($A$2,$C$1:$S$2,2,FALSE))*AD25/(HLOOKUP(AE$6,$C$1:$S$2,2,FALSE))) | AE50: =IF(AE25="","",(HLOOKUP($A$2,$C$1:$S$2,2,FALSE))*AE25/(HLOOKUP(AE$6,$C$1:$S$2,2,FALSE))) | AF50: =IF(AF25="","",(HLOOKUP($A$2,$C$1:$S$2,2,FALSE))*AF25/(HLOOKUP(AH$6,$C$1:$S$2,2,FALSE))) | AG50: =IF(AG25="","",(HLOOKUP($A$2,$C$1:$S$2,2,FALSE))*AG25/(HLOOKUP(AH$6,$C$1:$S$2,2,FALSE))) | AH50: =IF(AH25="","",(HLOOKUP($A$2,$C$1:$S$2,2,FALSE))*AH25/(HLOOKUP(AH$6,$C$1:$S$2,2,FALSE))) | AI50: =IF(AI25="","",(HLOOKUP($A$2,$C$1:$S$2,2,FALSE))*AI25/(HLOOKUP(AK$6,$C$1:$S$2,2,FALSE))) | AJ50: =IF(AJ25="","",(HLOOKUP($A$2,$C$1:$S$2,2,FALSE))*AJ25/(HLOOKUP(AK$6,$C$1:$S$2,2,FALSE))) | AK50: =IF(AK25="","",(HLOOKUP($A$2,$C$1:$S$2,2,FALSE))*AK25/(HLOOKUP(AK$6,$C$1:$S$2,2,FALSE))) | AL50: =IF(AL25="","",(HLOOKUP($A$2,$C$1:$S$2,2,FALSE))*AL25/(HLOOKUP(AN$6,$C$1:$S$2,2,FALSE))) | AM50: =IF(AM25="","",(HLOOKUP($A$2,$C$1:$S$2,2,FALSE))*AM25/(HLOOKUP(AN$6,$C$1:$S$2,2,FALSE))) | AN50: =IF(AN25="","",(HLOOKUP($A$2,$C$1:$S$2,2,FALSE))*AN25/(HLOOKUP(AN$6,$C$1:$S$2,2,FALSE))) | AO50: =IF(AO25="","",(HLOOKUP($A$2,$C$1:$S$2,2,FALSE))*AO25/(HLOOKUP(AQ$6,$C$1:$S$2,2,FALSE))) | AP50: =IF(AP25="","",(HLOOKUP($A$2,$C$1:$S$2,2,FALSE))*AP25/(HLOOKUP(AQ$6,$C$1:$S$2,2,FALSE))) | AQ50: =IF(AQ25="","",(HLOOKUP($A$2,$C$1:$S$2,2,FALSE))*AQ25/(HLOOKUP(AQ$6,$C$1:$S$2,2,FALSE))) | AR50: =IF(AR25="","",(HLOOKUP($A$2,$C$1:$S$2,2,FALSE))*AR25/(HLOOKUP(AT$6,$C$1:$S$2,2,FALSE))) | AS50: =IF(AS25="","",(HLOOKUP($A$2,$C$1:$S$2,2,FALSE))*AS25/(HLOOKUP(AT$6,$C$1:$S$2,2,FALSE))) | AT50: =IF(AT25="","",(HLOOKUP($A$2,$C$1:$S$2,2,FALSE))*AT25/(HLOOKUP(AT$6,$C$1:$S$2,2,FALSE))) | AU50: =IF(AU25="","",(HLOOKUP($A$2,$C$1:$S$2,2,FALSE))*AU25/(HLOOKUP(AW$6,$C$1:$S$2,2,FALSE))) | AV50: =IF(AV25="","",(HLOOKUP($A$2,$C$1:$S$2,2,FALSE))*AV25/(HLOOKUP(AW$6,$C$1:$S$2,2,FALSE))) | AW50: =IF(AW25="","",(HLOOKUP($A$2,$C$1:$S$2,2,FALSE))*AW25/(HLOOKUP(AW$6,$C$1:$S$2,2,FALSE))) | AX50: =IF(AX25="","",(HLOOKUP($A$2,$C$1:$S$2,2,FALSE))*AX25/(HLOOKUP(AZ$6,$C$1:$S$2,2,FALSE))) | AY50: =IF(AY25="","",(HLOOKUP($A$2,$C$1:$S$2,2,FALSE))*AY25/(HLOOKUP(AZ$6,$C$1:$S$2,2,FALSE))) | AZ50: =IF(AZ25="","",(HLOOKUP($A$2,$C$1:$S$2,2,FALSE))*AZ25/(HLOOKUP(AZ$6,$C$1:$S$2,2,FALSE))) | BA50: 18
B51: =IF(B26="","",IF($A$2="°F",Patrones!B26*1.8+32,Patrones!B26)) | C51: =IF(C26="","",(HLOOKUP($A$2,$C$1:$S$2,2,FALSE))*C26/(HLOOKUP(D$6,$C$1:$S$2,2,FALSE))) | D51: =IF(D26="","",(HLOOKUP($A$2,$C$1:$S$2,2,FALSE))*D26/(HLOOKUP(D$6,$C$1:$S$2,2,FALSE))) | E51: =IF(E26="","",(HLOOKUP($A$2,$C$1:$S$2,2,FALSE))*E26/(HLOOKUP(G$6,$C$1:$S$2,2,FALSE))) | F51: =IF(F26="","",(HLOOKUP($A$2,$C$1:$S$2,2,FALSE))*F26/(HLOOKUP(G$6,$C$1:$S$2,2,FALSE))) | G51: =IF(G26="","",(HLOOKUP($A$2,$C$1:$S$2,2,FALSE))*G26/(HLOOKUP(G$6,$C$1:$S$2,2,FALSE))) | H51: =IF(H26="","",(HLOOKUP($A$2,$C$1:$S$2,2,FALSE))*H26/(HLOOKUP(J$6,$C$1:$S$2,2,FALSE))) | I51: =IF(I26="","",(HLOOKUP($A$2,$C$1:$S$2,2,FALSE))*I26/(HLOOKUP(J$6,$C$1:$S$2,2,FALSE))) | J51: =IF(J26="","",(HLOOKUP($A$2,$C$1:$S$2,2,FALSE))*J26/(HLOOKUP(J$6,$C$1:$S$2,2,FALSE))) | K51: =IF(K26="","",(HLOOKUP($A$2,$C$1:$S$2,2,FALSE))*K26/(HLOOKUP(M$6,$C$1:$S$2,2,FALSE))) | L51: =IF(L26="","",(HLOOKUP($A$2,$C$1:$S$2,2,FALSE))*L26/(HLOOKUP(M$6,$C$1:$S$2,2,FALSE))) | M51: =IF(M26="","",(HLOOKUP($A$2,$C$1:$S$2,2,FALSE))*M26/(HLOOKUP(M$6,$C$1:$S$2,2,FALSE))) | O51: =IF(O26="","",(HLOOKUP($A$2,$C$1:$S$2,2,FALSE))*O26/(HLOOKUP(P$6,$C$1:$S$2,2,FALSE))) | P51: =IF(P26="","",(HLOOKUP($A$2,$C$1:$S$2,2,FALSE))*P26/(HLOOKUP(P$6,$C$1:$S$2,2,FALSE))) | Q51: =IF(Q26="","",(HLOOKUP($A$2,$C$1:$S$2,2,FALSE))*Q26/(HLOOKUP(S$6,$C$1:$S$2,2,FALSE))) | R51: =IF(R26="","",(HLOOKUP($A$2,$C$1:$S$2,2,FALSE))*R26/(HLOOKUP(S$6,$C$1:$S$2,2,FALSE))) | S51: =IF(S26="","",(HLOOKUP($A$2,$C$1:$S$2,2,FALSE))*S26/(HLOOKUP(S$6,$C$1:$S$2,2,FALSE))) | T51: =IF(T26="","",(HLOOKUP($A$2,$C$1:$S$2,2,FALSE))*T26/(HLOOKUP(V$6,$C$1:$S$2,2,FALSE))) | U51: =IF(U26="","",(HLOOKUP($A$2,$C$1:$S$2,2,FALSE))*U26/(HLOOKUP(V$6,$C$1:$S$2,2,FALSE))) | V51: =IF(V26="","",(HLOOKUP($A$2,$C$1:$S$2,2,FALSE))*V26/(HLOOKUP(V$6,$C$1:$S$2,2,FALSE))) | W51: =IF(W26="","",(HLOOKUP($A$2,$C$1:$S$2,2,FALSE))*W26/(HLOOKUP(Y$6,$C$1:$S$2,2,FALSE))) | X51: =IF(X26="","",(HLOOKUP($A$2,$C$1:$S$2,2,FALSE))*X26/(HLOOKUP(Y$6,$C$1:$S$2,2,FALSE))) | Y51: =IF(Y26="","",(HLOOKUP($A$2,$C$1:$S$2,2,FALSE))*Y26/(HLOOKUP(Y$6,$C$1:$S$2,2,FALSE))) | Z51: =IF(Z26="","",(HLOOKUP($A$2,$C$1:$S$2,2,FALSE))*Z26/(HLOOKUP(AB$6,$C$1:$S$2,2,FALSE))) | AA51: =IF(AA26="","",(HLOOKUP($A$2,$C$1:$S$2,2,FALSE))*AA26/(HLOOKUP(AB$6,$C$1:$S$2,2,FALSE))) | AB51: =IF(AB26="","",(HLOOKUP($A$2,$C$1:$S$2,2,FALSE))*AB26/(HLOOKUP(AB$6,$C$1:$S$2,2,FALSE))) | AC51: =IF(AC26="","",(HLOOKUP($A$2,$C$1:$S$2,2,FALSE))*AC26/(HLOOKUP(AE$6,$C$1:$S$2,2,FALSE))) | AD51: =IF(AD26="","",(HLOOKUP($A$2,$C$1:$S$2,2,FALSE))*AD26/(HLOOKUP(AE$6,$C$1:$S$2,2,FALSE))) | AE51: =IF(AE26="","",(HLOOKUP($A$2,$C$1:$S$2,2,FALSE))*AE26/(HLOOKUP(AE$6,$C$1:$S$2,2,FALSE))) | AF51: =IF(AF26="","",(HLOOKUP($A$2,$C$1:$S$2,2,FALSE))*AF26/(HLOOKUP(AH$6,$C$1:$S$2,2,FALSE))) | AG51: =IF(AG26="","",(HLOOKUP($A$2,$C$1:$S$2,2,FALSE))*AG26/(HLOOKUP(AH$6,$C$1:$S$2,2,FALSE))) | AH51: =IF(AH26="","",(HLOOKUP($A$2,$C$1:$S$2,2,FALSE))*AH26/(HLOOKUP(AH$6,$C$1:$S$2,2,FALSE))) | AI51: =IF(AI26="","",(HLOOKUP($A$2,$C$1:$S$2,2,FALSE))*AI26/(HLOOKUP(AK$6,$C$1:$S$2,2,FALSE))) | AJ51: =IF(AJ26="","",(HLOOKUP($A$2,$C$1:$S$2,2,FALSE))*AJ26/(HLOOKUP(AK$6,$C$1:$S$2,2,FALSE))) | AK51: =IF(AK26="","",(HLOOKUP($A$2,$C$1:$S$2,2,FALSE))*AK26/(HLOOKUP(AK$6,$C$1:$S$2,2,FALSE))) | AL51: =IF(AL26="","",(HLOOKUP($A$2,$C$1:$S$2,2,FALSE))*AL26/(HLOOKUP(AN$6,$C$1:$S$2,2,FALSE))) | AM51: =IF(AM26="","",(HLOOKUP($A$2,$C$1:$S$2,2,FALSE))*AM26/(HLOOKUP(AN$6,$C$1:$S$2,2,FALSE))) | AN51: =IF(AN26="","",(HLOOKUP($A$2,$C$1:$S$2,2,FALSE))*AN26/(HLOOKUP(AN$6,$C$1:$S$2,2,FALSE))) | AO51: =IF(AO26="","",(HLOOKUP($A$2,$C$1:$S$2,2,FALSE))*AO26/(HLOOKUP(AQ$6,$C$1:$S$2,2,FALSE))) | AP51: =IF(AP26="","",(HLOOKUP($A$2,$C$1:$S$2,2,FALSE))*AP26/(HLOOKUP(AQ$6,$C$1:$S$2,2,FALSE))) | AQ51: =IF(AQ26="","",(HLOOKUP($A$2,$C$1:$S$2,2,FALSE))*AQ26/(HLOOKUP(AQ$6,$C$1:$S$2,2,FALSE))) | AR51: =IF(AR26="","",(HLOOKUP($A$2,$C$1:$S$2,2,FALSE))*AR26/(HLOOKUP(AT$6,$C$1:$S$2,2,FALSE))) | AS51: =IF(AS26="","",(HLOOKUP($A$2,$C$1:$S$2,2,FALSE))*AS26/(HLOOKUP(AT$6,$C$1:$S$2,2,FALSE))) | AT51: =IF(AT26="","",(HLOOKUP($A$2,$C$1:$S$2,2,FALSE))*AT26/(HLOOKUP(AT$6,$C$1:$S$2,2,FALSE))) | AU51: =IF(AU26="","",(HLOOKUP($A$2,$C$1:$S$2,2,FALSE))*AU26/(HLOOKUP(AW$6,$C$1:$S$2,2,FALSE))) | AV51: =IF(AV26="","",(HLOOKUP($A$2,$C$1:$S$2,2,FALSE))*AV26/(HLOOKUP(AW$6,$C$1:$S$2,2,FALSE))) | AW51: =IF(AW26="","",(HLOOKUP($A$2,$C$1:$S$2,2,FALSE))*AW26/(HLOOKUP(AW$6,$C$1:$S$2,2,FALSE))) | AX51: =IF(AX26="","",(HLOOKUP($A$2,$C$1:$S$2,2,FALSE))*AX26/(HLOOKUP(AZ$6,$C$1:$S$2,2,FALSE))) | AY51: =IF(AY26="","",(HLOOKUP($A$2,$C$1:$S$2,2,FALSE))*AY26/(HLOOKUP(AZ$6,$C$1:$S$2,2,FALSE))) | AZ51: =IF(AZ26="","",(HLOOKUP($A$2,$C$1:$S$2,2,FALSE))*AZ26/(HLOOKUP(AZ$6,$C$1:$S$2,2,FALSE))) | BA51: 19
B52: =IF(B27="","",IF($A$2="°F",Patrones!B27*1.8+32,Patrones!B27)) | C52: =IF(C27="","",(HLOOKUP($A$2,$C$1:$S$2,2,FALSE))*C27/(HLOOKUP(D$6,$C$1:$S$2,2,FALSE))) | D52: =IF(D27="","",(HLOOKUP($A$2,$C$1:$S$2,2,FALSE))*D27/(HLOOKUP(D$6,$C$1:$S$2,2,FALSE))) | E52: =IF(E27="","",(HLOOKUP($A$2,$C$1:$S$2,2,FALSE))*E27/(HLOOKUP(G$6,$C$1:$S$2,2,FALSE))) | F52: =IF(F27="","",(HLOOKUP($A$2,$C$1:$S$2,2,FALSE))*F27/(HLOOKUP(G$6,$C$1:$S$2,2,FALSE))) | G52: =IF(G27="","",(HLOOKUP($A$2,$C$1:$S$2,2,FALSE))*G27/(HLOOKUP(G$6,$C$1:$S$2,2,FALSE))) | H52: =IF(H27="","",(HLOOKUP($A$2,$C$1:$S$2,2,FALSE))*H27/(HLOOKUP(J$6,$C$1:$S$2,2,FALSE))) | I52: =IF(I27="","",(HLOOKUP($A$2,$C$1:$S$2,2,FALSE))*I27/(HLOOKUP(J$6,$C$1:$S$2,2,FALSE))) | J52: =IF(J27="","",(HLOOKUP($A$2,$C$1:$S$2,2,FALSE))*J27/(HLOOKUP(J$6,$C$1:$S$2,2,FALSE))) | K52: =IF(K27="","",(HLOOKUP($A$2,$C$1:$S$2,2,FALSE))*K27/(HLOOKUP(M$6,$C$1:$S$2,2,FALSE))) | L52: =IF(L27="","",(HLOOKUP($A$2,$C$1:$S$2,2,FALSE))*L27/(HLOOKUP(M$6,$C$1:$S$2,2,FALSE))) | M52: =IF(M27="","",(HLOOKUP($A$2,$C$1:$S$2,2,FALSE))*M27/(HLOOKUP(M$6,$C$1:$S$2,2,FALSE))) | O52: =IF(O27="","",(HLOOKUP($A$2,$C$1:$S$2,2,FALSE))*O27/(HLOOKUP(P$6,$C$1:$S$2,2,FALSE))) | P52: =IF(P27="","",(HLOOKUP($A$2,$C$1:$S$2,2,FALSE))*P27/(HLOOKUP(P$6,$C$1:$S$2,2,FALSE))) | Q52: =IF(Q27="","",(HLOOKUP($A$2,$C$1:$S$2,2,FALSE))*Q27/(HLOOKUP(S$6,$C$1:$S$2,2,FALSE))) | R52: =IF(R27="","",(HLOOKUP($A$2,$C$1:$S$2,2,FALSE))*R27/(HLOOKUP(S$6,$C$1:$S$2,2,FALSE))) | S52: =IF(S27="","",(HLOOKUP($A$2,$C$1:$S$2,2,FALSE))*S27/(HLOOKUP(S$6,$C$1:$S$2,2,FALSE))) | T52: =IF(T27="","",(HLOOKUP($A$2,$C$1:$S$2,2,FALSE))*T27/(HLOOKUP(V$6,$C$1:$S$2,2,FALSE))) | U52: =IF(U27="","",(HLOOKUP($A$2,$C$1:$S$2,2,FALSE))*U27/(HLOOKUP(V$6,$C$1:$S$2,2,FALSE))) | V52: =IF(V27="","",(HLOOKUP($A$2,$C$1:$S$2,2,FALSE))*V27/(HLOOKUP(V$6,$C$1:$S$2,2,FALSE))) | W52: =IF(W27="","",(HLOOKUP($A$2,$C$1:$S$2,2,FALSE))*W27/(HLOOKUP(Y$6,$C$1:$S$2,2,FALSE))) | X52: =IF(X27="","",(HLOOKUP($A$2,$C$1:$S$2,2,FALSE))*X27/(HLOOKUP(Y$6,$C$1:$S$2,2,FALSE))) | Y52: =IF(Y27="","",(HLOOKUP($A$2,$C$1:$S$2,2,FALSE))*Y27/(HLOOKUP(Y$6,$C$1:$S$2,2,FALSE))) | Z52: =IF(Z27="","",(HLOOKUP($A$2,$C$1:$S$2,2,FALSE))*Z27/(HLOOKUP(AB$6,$C$1:$S$2,2,FALSE))) | AA52: =IF(AA27="","",(HLOOKUP($A$2,$C$1:$S$2,2,FALSE))*AA27/(HLOOKUP(AB$6,$C$1:$S$2,2,FALSE))) | AB52: =IF(AB27="","",(HLOOKUP($A$2,$C$1:$S$2,2,FALSE))*AB27/(HLOOKUP(AB$6,$C$1:$S$2,2,FALSE))) | AC52: =IF(AC27="","",(HLOOKUP($A$2,$C$1:$S$2,2,FALSE))*AC27/(HLOOKUP(AE$6,$C$1:$S$2,2,FALSE))) | AD52: =IF(AD27="","",(HLOOKUP($A$2,$C$1:$S$2,2,FALSE))*AD27/(HLOOKUP(AE$6,$C$1:$S$2,2,FALSE))) | AE52: =IF(AE27="","",(HLOOKUP($A$2,$C$1:$S$2,2,FALSE))*AE27/(HLOOKUP(AE$6,$C$1:$S$2,2,FALSE))) | AF52: =IF(AF27="","",(HLOOKUP($A$2,$C$1:$S$2,2,FALSE))*AF27/(HLOOKUP(AH$6,$C$1:$S$2,2,FALSE))) | AG52: =IF(AG27="","",(HLOOKUP($A$2,$C$1:$S$2,2,FALSE))*AG27/(HLOOKUP(AH$6,$C$1:$S$2,2,FALSE))) | AH52: =IF(AH27="","",(HLOOKUP($A$2,$C$1:$S$2,2,FALSE))*AH27/(HLOOKUP(AH$6,$C$1:$S$2,2,FALSE))) | AI52: =IF(AI27="","",(HLOOKUP($A$2,$C$1:$S$2,2,FALSE))*AI27/(HLOOKUP(AK$6,$C$1:$S$2,2,FALSE))) | AJ52: =IF(AJ27="","",(HLOOKUP($A$2,$C$1:$S$2,2,FALSE))*AJ27/(HLOOKUP(AK$6,$C$1:$S$2,2,FALSE))) | AK52: =IF(AK27="","",(HLOOKUP($A$2,$C$1:$S$2,2,FALSE))*AK27/(HLOOKUP(AK$6,$C$1:$S$2,2,FALSE))) | AL52: =IF(AL27="","",(HLOOKUP($A$2,$C$1:$S$2,2,FALSE))*AL27/(HLOOKUP(AN$6,$C$1:$S$2,2,FALSE))) | AM52: =IF(AM27="","",(HLOOKUP($A$2,$C$1:$S$2,2,FALSE))*AM27/(HLOOKUP(AN$6,$C$1:$S$2,2,FALSE))) | AN52: =IF(AN27="","",(HLOOKUP($A$2,$C$1:$S$2,2,FALSE))*AN27/(HLOOKUP(AN$6,$C$1:$S$2,2,FALSE))) | AO52: =IF(AO27="","",(HLOOKUP($A$2,$C$1:$S$2,2,FALSE))*AO27/(HLOOKUP(AQ$6,$C$1:$S$2,2,FALSE))) | AP52: =IF(AP27="","",(HLOOKUP($A$2,$C$1:$S$2,2,FALSE))*AP27/(HLOOKUP(AQ$6,$C$1:$S$2,2,FALSE))) | AQ52: =IF(AQ27="","",(HLOOKUP($A$2,$C$1:$S$2,2,FALSE))*AQ27/(HLOOKUP(AQ$6,$C$1:$S$2,2,FALSE))) | AR52: =IF(AR27="","",(HLOOKUP($A$2,$C$1:$S$2,2,FALSE))*AR27/(HLOOKUP(AT$6,$C$1:$S$2,2,FALSE))) | AS52: =IF(AS27="","",(HLOOKUP($A$2,$C$1:$S$2,2,FALSE))*AS27/(HLOOKUP(AT$6,$C$1:$S$2,2,FALSE))) | AT52: =IF(AT27="","",(HLOOKUP($A$2,$C$1:$S$2,2,FALSE))*AT27/(HLOOKUP(AT$6,$C$1:$S$2,2,FALSE))) | AU52: =IF(AU27="","",(HLOOKUP($A$2,$C$1:$S$2,2,FALSE))*AU27/(HLOOKUP(AW$6,$C$1:$S$2,2,FALSE))) | AV52: =IF(AV27="","",(HLOOKUP($A$2,$C$1:$S$2,2,FALSE))*AV27/(HLOOKUP(AW$6,$C$1:$S$2,2,FALSE))) | AW52: =IF(AW27="","",(HLOOKUP($A$2,$C$1:$S$2,2,FALSE))*AW27/(HLOOKUP(AW$6,$C$1:$S$2,2,FALSE))) | AX52: =IF(AX27="","",(HLOOKUP($A$2,$C$1:$S$2,2,FALSE))*AX27/(HLOOKUP(AZ$6,$C$1:$S$2,2,FALSE))) | AY52: =IF(AY27="","",(HLOOKUP($A$2,$C$1:$S$2,2,FALSE))*AY27/(HLOOKUP(AZ$6,$C$1:$S$2,2,FALSE))) | AZ52: =IF(AZ27="","",(HLOOKUP($A$2,$C$1:$S$2,2,FALSE))*AZ27/(HLOOKUP(AZ$6,$C$1:$S$2,2,FALSE))) | BA52: 20
B53: =IF(B28="","",IF($A$2="°F",Patrones!B28*1.8+32,Patrones!B28)) | C53: =IF(C28="","",(HLOOKUP($A$2,$C$1:$S$2,2,FALSE))*C28/(HLOOKUP(D$6,$C$1:$S$2,2,FALSE))) | D53: =IF(D28="","",(HLOOKUP($A$2,$C$1:$S$2,2,FALSE))*D28/(HLOOKUP(D$6,$C$1:$S$2,2,FALSE))) | E53: =IF(E28="","",(HLOOKUP($A$2,$C$1:$S$2,2,FALSE))*E28/(HLOOKUP(G$6,$C$1:$S$2,2,FALSE))) | F53: =IF(F28="","",(HLOOKUP($A$2,$C$1:$S$2,2,FALSE))*F28/(HLOOKUP(G$6,$C$1:$S$2,2,FALSE))) | G53: =IF(G28="","",(HLOOKUP($A$2,$C$1:$S$2,2,FALSE))*G28/(HLOOKUP(G$6,$C$1:$S$2,2,FALSE))) | H53: =IF(H28="","",(HLOOKUP($A$2,$C$1:$S$2,2,FALSE))*H28/(HLOOKUP(J$6,$C$1:$S$2,2,FALSE))) | I53: =IF(I28="","",(HLOOKUP($A$2,$C$1:$S$2,2,FALSE))*I28/(HLOOKUP(J$6,$C$1:$S$2,2,FALSE))) | J53: =IF(J28="","",(HLOOKUP($A$2,$C$1:$S$2,2,FALSE))*J28/(HLOOKUP(J$6,$C$1:$S$2,2,FALSE))) | K53: =IF(K28="","",(HLOOKUP($A$2,$C$1:$S$2,2,FALSE))*K28/(HLOOKUP(M$6,$C$1:$S$2,2,FALSE))) | L53: =IF(L28="","",(HLOOKUP($A$2,$C$1:$S$2,2,FALSE))*L28/(HLOOKUP(M$6,$C$1:$S$2,2,FALSE))) | M53: =IF(M28="","",(HLOOKUP($A$2,$C$1:$S$2,2,FALSE))*M28/(HLOOKUP(M$6,$C$1:$S$2,2,FALSE))) | O53: =IF(O28="","",(HLOOKUP($A$2,$C$1:$S$2,2,FALSE))*O28/(HLOOKUP(P$6,$C$1:$S$2,2,FALSE))) | P53: =IF(P28="","",(HLOOKUP($A$2,$C$1:$S$2,2,FALSE))*P28/(HLOOKUP(P$6,$C$1:$S$2,2,FALSE))) | Q53: =IF(Q28="","",(HLOOKUP($A$2,$C$1:$S$2,2,FALSE))*Q28/(HLOOKUP(S$6,$C$1:$S$2,2,FALSE))) | R53: =IF(R28="","",(HLOOKUP($A$2,$C$1:$S$2,2,FALSE))*R28/(HLOOKUP(S$6,$C$1:$S$2,2,FALSE))) | S53: =IF(S28="","",(HLOOKUP($A$2,$C$1:$S$2,2,FALSE))*S28/(HLOOKUP(S$6,$C$1:$S$2,2,FALSE))) | T53: =IF(T28="","",(HLOOKUP($A$2,$C$1:$S$2,2,FALSE))*T28/(HLOOKUP(V$6,$C$1:$S$2,2,FALSE))) | U53: =IF(U28="","",(HLOOKUP($A$2,$C$1:$S$2,2,FALSE))*U28/(HLOOKUP(V$6,$C$1:$S$2,2,FALSE))) | V53: =IF(V28="","",(HLOOKUP($A$2,$C$1:$S$2,2,FALSE))*V28/(HLOOKUP(V$6,$C$1:$S$2,2,FALSE))) | W53: =IF(W28="","",(HLOOKUP($A$2,$C$1:$S$2,2,FALSE))*W28/(HLOOKUP(Y$6,$C$1:$S$2,2,FALSE))) | X53: =IF(X28="","",(HLOOKUP($A$2,$C$1:$S$2,2,FALSE))*X28/(HLOOKUP(Y$6,$C$1:$S$2,2,FALSE))) | Y53: =IF(Y28="","",(HLOOKUP($A$2,$C$1:$S$2,2,FALSE))*Y28/(HLOOKUP(Y$6,$C$1:$S$2,2,FALSE))) | Z53: =IF(Z28="","",(HLOOKUP($A$2,$C$1:$S$2,2,FALSE))*Z28/(HLOOKUP(AB$6,$C$1:$S$2,2,FALSE))) | AA53: =IF(AA28="","",(HLOOKUP($A$2,$C$1:$S$2,2,FALSE))*AA28/(HLOOKUP(AB$6,$C$1:$S$2,2,FALSE))) | AB53: =IF(AB28="","",(HLOOKUP($A$2,$C$1:$S$2,2,FALSE))*AB28/(HLOOKUP(AB$6,$C$1:$S$2,2,FALSE))) | AC53: =IF(AC28="","",(HLOOKUP($A$2,$C$1:$S$2,2,FALSE))*AC28/(HLOOKUP(AE$6,$C$1:$S$2,2,FALSE))) | AD53: =IF(AD28="","",(HLOOKUP($A$2,$C$1:$S$2,2,FALSE))*AD28/(HLOOKUP(AE$6,$C$1:$S$2,2,FALSE))) | AE53: =IF(AE28="","",(HLOOKUP($A$2,$C$1:$S$2,2,FALSE))*AE28/(HLOOKUP(AE$6,$C$1:$S$2,2,FALSE))) | AF53: =IF(AF28="","",(HLOOKUP($A$2,$C$1:$S$2,2,FALSE))*AF28/(HLOOKUP(AH$6,$C$1:$S$2,2,FALSE))) | AG53: =IF(AG28="","",(HLOOKUP($A$2,$C$1:$S$2,2,FALSE))*AG28/(HLOOKUP(AH$6,$C$1:$S$2,2,FALSE))) | AH53: =IF(AH28="","",(HLOOKUP($A$2,$C$1:$S$2,2,FALSE))*AH28/(HLOOKUP(AH$6,$C$1:$S$2,2,FALSE))) | AI53: =IF(AI28="","",(HLOOKUP($A$2,$C$1:$S$2,2,FALSE))*AI28/(HLOOKUP(AK$6,$C$1:$S$2,2,FALSE))) | AJ53: =IF(AJ28="","",(HLOOKUP($A$2,$C$1:$S$2,2,FALSE))*AJ28/(HLOOKUP(AK$6,$C$1:$S$2,2,FALSE))) | AK53: =IF(AK28="","",(HLOOKUP($A$2,$C$1:$S$2,2,FALSE))*AK28/(HLOOKUP(AK$6,$C$1:$S$2,2,FALSE))) | AL53: =IF(AL28="","",(HLOOKUP($A$2,$C$1:$S$2,2,FALSE))*AL28/(HLOOKUP(AN$6,$C$1:$S$2,2,FALSE))) | AM53: =IF(AM28="","",(HLOOKUP($A$2,$C$1:$S$2,2,FALSE))*AM28/(HLOOKUP(AN$6,$C$1:$S$2,2,FALSE))) | AN53: =IF(AN28="","",(HLOOKUP($A$2,$C$1:$S$2,2,FALSE))*AN28/(HLOOKUP(AN$6,$C$1:$S$2,2,FALSE))) | AO53: =IF(AO28="","",(HLOOKUP($A$2,$C$1:$S$2,2,FALSE))*AO28/(HLOOKUP(AQ$6,$C$1:$S$2,2,FALSE))) | AP53: =IF(AP28="","",(HLOOKUP($A$2,$C$1:$S$2,2,FALSE))*AP28/(HLOOKUP(AQ$6,$C$1:$S$2,2,FALSE))) | AQ53: =IF(AQ28="","",(HLOOKUP($A$2,$C$1:$S$2,2,FALSE))*AQ28/(HLOOKUP(AQ$6,$C$1:$S$2,2,FALSE))) | AR53: =IF(AR28="","",(HLOOKUP($A$2,$C$1:$S$2,2,FALSE))*AR28/(HLOOKUP(AT$6,$C$1:$S$2,2,FALSE))) | AS53: =IF(AS28="","",(HLOOKUP($A$2,$C$1:$S$2,2,FALSE))*AS28/(HLOOKUP(AT$6,$C$1:$S$2,2,FALSE))) | AT53: =IF(AT28="","",(HLOOKUP($A$2,$C$1:$S$2,2,FALSE))*AT28/(HLOOKUP(AT$6,$C$1:$S$2,2,FALSE))) | AU53: =IF(AU28="","",(HLOOKUP($A$2,$C$1:$S$2,2,FALSE))*AU28/(HLOOKUP(AW$6,$C$1:$S$2,2,FALSE))) | AV53: =IF(AV28="","",(HLOOKUP($A$2,$C$1:$S$2,2,FALSE))*AV28/(HLOOKUP(AW$6,$C$1:$S$2,2,FALSE))) | AW53: =IF(AW28="","",(HLOOKUP($A$2,$C$1:$S$2,2,FALSE))*AW28/(HLOOKUP(AW$6,$C$1:$S$2,2,FALSE))) | AX53: =IF(AX28="","",(HLOOKUP($A$2,$C$1:$S$2,2,FALSE))*AX28/(HLOOKUP(AZ$6,$C$1:$S$2,2,FALSE))) | AY53: =IF(AY28="","",(HLOOKUP($A$2,$C$1:$S$2,2,FALSE))*AY28/(HLOOKUP(AZ$6,$C$1:$S$2,2,FALSE))) | AZ53: =IF(AZ28="","",(HLOOKUP($A$2,$C$1:$S$2,2,FALSE))*AZ28/(HLOOKUP(AZ$6,$C$1:$S$2,2,FALSE))) | BA53: 21
B54: =IF(B29="","",(HLOOKUP($A$2,$C$1:$S$2,2,FALSE))*B29/(HLOOKUP(D$6,$C$1:$S$2,2,FALSE))) | C54: =IF(C29="","",(HLOOKUP($A$2,$C$1:$S$2,2,FALSE))*C29/(HLOOKUP(D$6,$C$1:$S$2,2,FALSE))) | D54: =IF(D29="","",(HLOOKUP($A$2,$C$1:$S$2,2,FALSE))*D29/(HLOOKUP(D$6,$C$1:$S$2,2,FALSE))) | E54: =IF(E29="","",(HLOOKUP($A$2,$C$1:$S$2,2,FALSE))*E29/(HLOOKUP(G$6,$C$1:$S$2,2,FALSE))) | F54: =IF(F29="","",(HLOOKUP($A$2,$C$1:$S$2,2,FALSE))*F29/(HLOOKUP(G$6,$C$1:$S$2,2,FALSE))) | G54: =IF(G29="","",(HLOOKUP($A$2,$C$1:$S$2,2,FALSE))*G29/(HLOOKUP(G$6,$C$1:$S$2,2,FALSE))) | H54: =IF(H29="","",(HLOOKUP($A$2,$C$1:$S$2,2,FALSE))*H29/(HLOOKUP(J$6,$C$1:$S$2,2,FALSE))) | I54: =IF(I29="","",(HLOOKUP($A$2,$C$1:$S$2,2,FALSE))*I29/(HLOOKUP(J$6,$C$1:$S$2,2,FALSE))) | J54: =IF(J29="","",(HLOOKUP($A$2,$C$1:$S$2,2,FALSE))*J29/(HLOOKUP(J$6,$C$1:$S$2,2,FALSE))) | K54: =IF(K29="","",(HLOOKUP($A$2,$C$1:$S$2,2,FALSE))*K29/(HLOOKUP(M$6,$C$1:$S$2,2,FALSE))) | L54: =IF(L29="","",(HLOOKUP($A$2,$C$1:$S$2,2,FALSE))*L29/(HLOOKUP(M$6,$C$1:$S$2,2,FALSE))) | M54: =IF(M29="","",(HLOOKUP($A$2,$C$1:$S$2,2,FALSE))*M29/(HLOOKUP(M$6,$C$1:$S$2,2,FALSE))) | O54: =IF(O29="","",(HLOOKUP($A$2,$C$1:$S$2,2,FALSE))*O29/(HLOOKUP(P$6,$C$1:$S$2,2,FALSE))) | P54: =IF(P29="","",(HLOOKUP($A$2,$C$1:$S$2,2,FALSE))*P29/(HLOOKUP(P$6,$C$1:$S$2,2,FALSE))) | Q54: =IF(Q29="","",(HLOOKUP($A$2,$C$1:$S$2,2,FALSE))*Q29/(HLOOKUP(S$6,$C$1:$S$2,2,FALSE))) | R54: =IF(R29="","",(HLOOKUP($A$2,$C$1:$S$2,2,FALSE))*R29/(HLOOKUP(S$6,$C$1:$S$2,2,FALSE))) | S54: =IF(S29="","",(HLOOKUP($A$2,$C$1:$S$2,2,FALSE))*S29/(HLOOKUP(S$6,$C$1:$S$2,2,FALSE))) | T54: =IF(T29="","",(HLOOKUP($A$2,$C$1:$S$2,2,FALSE))*T29/(HLOOKUP(V$6,$C$1:$S$2,2,FALSE))) | U54: =IF(U29="","",(HLOOKUP($A$2,$C$1:$S$2,2,FALSE))*U29/(HLOOKUP(V$6,$C$1:$S$2,2,FALSE))) | V54: =IF(V29="","",(HLOOKUP($A$2,$C$1:$S$2,2,FALSE))*V29/(HLOOKUP(V$6,$C$1:$S$2,2,FALSE))) | W54: =IF(W29="","",(HLOOKUP($A$2,$C$1:$S$2,2,FALSE))*W29/(HLOOKUP(Y$6,$C$1:$S$2,2,FALSE))) | X54: =IF(X29="","",(HLOOKUP($A$2,$C$1:$S$2,2,FALSE))*X29/(HLOOKUP(Y$6,$C$1:$S$2,2,FALSE))) | Y54: =IF(Y29="","",(HLOOKUP($A$2,$C$1:$S$2,2,FALSE))*Y29/(HLOOKUP(Y$6,$C$1:$S$2,2,FALSE))) | Z54: =IF(Z29="","",(HLOOKUP($A$2,$C$1:$S$2,2,FALSE))*Z29/(HLOOKUP(AB$6,$C$1:$S$2,2,FALSE))) | AA54: =IF(AA29="","",(HLOOKUP($A$2,$C$1:$S$2,2,FALSE))*AA29/(HLOOKUP(AB$6,$C$1:$S$2,2,FALSE))) | AB54: =IF(AB29="","",(HLOOKUP($A$2,$C$1:$S$2,2,FALSE))*AB29/(HLOOKUP(AB$6,$C$1:$S$2,2,FALSE))) | AC54: =IF(AC29="","",(HLOOKUP($A$2,$C$1:$S$2,2,FALSE))*AC29/(HLOOKUP(AE$6,$C$1:$S$2,2,FALSE))) | AD54: =IF(AD29="","",(HLOOKUP($A$2,$C$1:$S$2,2,FALSE))*AD29/(HLOOKUP(AE$6,$C$1:$S$2,2,FALSE))) | AE54: =IF(AE29="","",(HLOOKUP($A$2,$C$1:$S$2,2,FALSE))*AE29/(HLOOKUP(AE$6,$C$1:$S$2,2,FALSE))) | AF54: =IF(AF29="","",(HLOOKUP($A$2,$C$1:$S$2,2,FALSE))*AF29/(HLOOKUP(AH$6,$C$1:$S$2,2,FALSE))) | AG54: =IF(AG29="","",(HLOOKUP($A$2,$C$1:$S$2,2,FALSE))*AG29/(HLOOKUP(AH$6,$C$1:$S$2,2,FALSE))) | AH54: =IF(AH29="","",(HLOOKUP($A$2,$C$1:$S$2,2,FALSE))*AH29/(HLOOKUP(AH$6,$C$1:$S$2,2,FALSE))) | AI54: =IF(AI29="","",(HLOOKUP($A$2,$C$1:$S$2,2,FALSE))*AI29/(HLOOKUP(AK$6,$C$1:$S$2,2,FALSE))) | AJ54: =IF(AJ29="","",(HLOOKUP($A$2,$C$1:$S$2,2,FALSE))*AJ29/(HLOOKUP(AK$6,$C$1:$S$2,2,FALSE))) | AK54: =IF(AK29="","",(HLOOKUP($A$2,$C$1:$S$2,2,FALSE))*AK29/(HLOOKUP(AK$6,$C$1:$S$2,2,FALSE))) | AL54: =IF(AL29="","",(HLOOKUP($A$2,$C$1:$S$2,2,FALSE))*AL29/(HLOOKUP(AN$6,$C$1:$S$2,2,FALSE))) | AM54: =IF(AM29="","",(HLOOKUP($A$2,$C$1:$S$2,2,FALSE))*AM29/(HLOOKUP(AN$6,$C$1:$S$2,2,FALSE))) | AN54: =IF(AN29="","",(HLOOKUP($A$2,$C$1:$S$2,2,FALSE))*AN29/(HLOOKUP(AN$6,$C$1:$S$2,2,FALSE))) | AO54: =IF(AO29="","",(HLOOKUP($A$2,$C$1:$S$2,2,FALSE))*AO29/(HLOOKUP(AQ$6,$C$1:$S$2,2,FALSE))) | AP54: =IF(AP29="","",(HLOOKUP($A$2,$C$1:$S$2,2,FALSE))*AP29/(HLOOKUP(AQ$6,$C$1:$S$2,2,FALSE))) | AQ54: =IF(AQ29="","",(HLOOKUP($A$2,$C$1:$S$2,2,FALSE))*AQ29/(HLOOKUP(AQ$6,$C$1:$S$2,2,FALSE))) | AR54: =IF(AR29="","",(HLOOKUP($A$2,$C$1:$S$2,2,FALSE))*AR29/(HLOOKUP(AT$6,$C$1:$S$2,2,FALSE))) | AS54: =IF(AS29="","",(HLOOKUP($A$2,$C$1:$S$2,2,FALSE))*AS29/(HLOOKUP(AT$6,$C$1:$S$2,2,FALSE))) | AT54: =IF(AT29="","",(HLOOKUP($A$2,$C$1:$S$2,2,FALSE))*AT29/(HLOOKUP(AT$6,$C$1:$S$2,2,FALSE))) | AU54: =IF(AU29="","",(HLOOKUP($A$2,$C$1:$S$2,2,FALSE))*AU29/(HLOOKUP(AW$6,$C$1:$S$2,2,FALSE))) | AV54: =IF(AV29="","",(HLOOKUP($A$2,$C$1:$S$2,2,FALSE))*AV29/(HLOOKUP(AW$6,$C$1:$S$2,2,FALSE))) | AW54: =IF(AW29="","",(HLOOKUP($A$2,$C$1:$S$2,2,FALSE))*AW29/(HLOOKUP(AW$6,$C$1:$S$2,2,FALSE))) | AX54: =IF(AX29="","",(HLOOKUP($A$2,$C$1:$S$2,2,FALSE))*AX29/(HLOOKUP(AZ$6,$C$1:$S$2,2,FALSE))) | AY54: =IF(AY29="","",(HLOOKUP($A$2,$C$1:$S$2,2,FALSE))*AY29/(HLOOKUP(AZ$6,$C$1:$S$2,2,FALSE))) | AZ54: =IF(AZ29="","",(HLOOKUP($A$2,$C$1:$S$2,2,FALSE))*AZ29/(HLOOKUP(AZ$6,$C$1:$S$2,2,FALSE))) | BA54: 22
B55: =IF(B30="","",(HLOOKUP($A$2,$C$1:$S$2,2,FALSE))*B30/(HLOOKUP(D$6,$C$1:$S$2,2,FALSE))) | C55: =IF(C30="","",(HLOOKUP($A$2,$C$1:$S$2,2,FALSE))*C30/(HLOOKUP(D$6,$C$1:$S$2,2,FALSE))) | D55: =IF(D30="","",(HLOOKUP($A$2,$C$1:$S$2,2,FALSE))*D30/(HLOOKUP(D$6,$C$1:$S$2,2,FALSE))) | E55: =IF(E30="","",(HLOOKUP($A$2,$C$1:$S$2,2,FALSE))*E30/(HLOOKUP(G$6,$C$1:$S$2,2,FALSE))) | F55: =IF(F30="","",(HLOOKUP($A$2,$C$1:$S$2,2,FALSE))*F30/(HLOOKUP(G$6,$C$1:$S$2,2,FALSE))) | G55: =IF(G30="","",(HLOOKUP($A$2,$C$1:$S$2,2,FALSE))*G30/(HLOOKUP(G$6,$C$1:$S$2,2,FALSE))) | H55: =IF(H30="","",(HLOOKUP($A$2,$C$1:$S$2,2,FALSE))*H30/(HLOOKUP(J$6,$C$1:$S$2,2,FALSE))) | I55: =IF(I30="","",(HLOOKUP($A$2,$C$1:$S$2,2,FALSE))*I30/(HLOOKUP(J$6,$C$1:$S$2,2,FALSE))) | J55: =IF(J30="","",(HLOOKUP($A$2,$C$1:$S$2,2,FALSE))*J30/(HLOOKUP(J$6,$C$1:$S$2,2,FALSE))) | K55: =IF(K30="","",(HLOOKUP($A$2,$C$1:$S$2,2,FALSE))*K30/(HLOOKUP(M$6,$C$1:$S$2,2,FALSE))) | L55: =IF(L30="","",(HLOOKUP($A$2,$C$1:$S$2,2,FALSE))*L30/(HLOOKUP(M$6,$C$1:$S$2,2,FALSE))) | M55: =IF(M30="","",(HLOOKUP($A$2,$C$1:$S$2,2,FALSE))*M30/(HLOOKUP(M$6,$C$1:$S$2,2,FALSE))) | O55: =IF(O30="","",(HLOOKUP($A$2,$C$1:$S$2,2,FALSE))*O30/(HLOOKUP(P$6,$C$1:$S$2,2,FALSE))) | P55: =IF(P30="","",(HLOOKUP($A$2,$C$1:$S$2,2,FALSE))*P30/(HLOOKUP(P$6,$C$1:$S$2,2,FALSE))) | Q55: =IF(Q30="","",(HLOOKUP($A$2,$C$1:$S$2,2,FALSE))*Q30/(HLOOKUP(S$6,$C$1:$S$2,2,FALSE))) | R55: =IF(R30="","",(HLOOKUP($A$2,$C$1:$S$2,2,FALSE))*R30/(HLOOKUP(S$6,$C$1:$S$2,2,FALSE))) | S55: =IF(S30="","",(HLOOKUP($A$2,$C$1:$S$2,2,FALSE))*S30/(HLOOKUP(S$6,$C$1:$S$2,2,FALSE))) | T55: =IF(T30="","",(HLOOKUP($A$2,$C$1:$S$2,2,FALSE))*T30/(HLOOKUP(V$6,$C$1:$S$2,2,FALSE))) | U55: =IF(U30="","",(HLOOKUP($A$2,$C$1:$S$2,2,FALSE))*U30/(HLOOKUP(V$6,$C$1:$S$2,2,FALSE))) | V55: =IF(V30="","",(HLOOKUP($A$2,$C$1:$S$2,2,FALSE))*V30/(HLOOKUP(V$6,$C$1:$S$2,2,FALSE))) | W55: =IF(W30="","",(HLOOKUP($A$2,$C$1:$S$2,2,FALSE))*W30/(HLOOKUP(Y$6,$C$1:$S$2,2,FALSE))) | X55: =IF(X30="","",(HLOOKUP($A$2,$C$1:$S$2,2,FALSE))*X30/(HLOOKUP(Y$6,$C$1:$S$2,2,FALSE))) | Y55: =IF(Y30="","",(HLOOKUP($A$2,$C$1:$S$2,2,FALSE))*Y30/(HLOOKUP(Y$6,$C$1:$S$2,2,FALSE))) | Z55: =IF(Z30="","",(HLOOKUP($A$2,$C$1:$S$2,2,FALSE))*Z30/(HLOOKUP(AB$6,$C$1:$S$2,2,FALSE))) | AA55: =IF(AA30="","",(HLOOKUP($A$2,$C$1:$S$2,2,FALSE))*AA30/(HLOOKUP(AB$6,$C$1:$S$2,2,FALSE))) | AB55: =IF(AB30="","",(HLOOKUP($A$2,$C$1:$S$2,2,FALSE))*AB30/(HLOOKUP(AB$6,$C$1:$S$2,2,FALSE))) | AC55: =IF(AC30="","",(HLOOKUP($A$2,$C$1:$S$2,2,FALSE))*AC30/(HLOOKUP(AE$6,$C$1:$S$2,2,FALSE))) | AD55: =IF(AD30="","",(HLOOKUP($A$2,$C$1:$S$2,2,FALSE))*AD30/(HLOOKUP(AE$6,$C$1:$S$2,2,FALSE))) | AE55: =IF(AE30="","",(HLOOKUP($A$2,$C$1:$S$2,2,FALSE))*AE30/(HLOOKUP(AE$6,$C$1:$S$2,2,FALSE))) | AF55: =IF(AF30="","",(HLOOKUP($A$2,$C$1:$S$2,2,FALSE))*AF30/(HLOOKUP(AH$6,$C$1:$S$2,2,FALSE))) | AG55: =IF(AG30="","",(HLOOKUP($A$2,$C$1:$S$2,2,FALSE))*AG30/(HLOOKUP(AH$6,$C$1:$S$2,2,FALSE))) | AH55: =IF(AH30="","",(HLOOKUP($A$2,$C$1:$S$2,2,FALSE))*AH30/(HLOOKUP(AH$6,$C$1:$S$2,2,FALSE))) | AI55: =IF(AI30="","",(HLOOKUP($A$2,$C$1:$S$2,2,FALSE))*AI30/(HLOOKUP(AK$6,$C$1:$S$2,2,FALSE))) | AJ55: =IF(AJ30="","",(HLOOKUP($A$2,$C$1:$S$2,2,FALSE))*AJ30/(HLOOKUP(AK$6,$C$1:$S$2,2,FALSE))) | AK55: =IF(AK30="","",(HLOOKUP($A$2,$C$1:$S$2,2,FALSE))*AK30/(HLOOKUP(AK$6,$C$1:$S$2,2,FALSE))) | AL55: =IF(AL30="","",(HLOOKUP($A$2,$C$1:$S$2,2,FALSE))*AL30/(HLOOKUP(AN$6,$C$1:$S$2,2,FALSE))) | AM55: =IF(AM30="","",(HLOOKUP($A$2,$C$1:$S$2,2,FALSE))*AM30/(HLOOKUP(AN$6,$C$1:$S$2,2,FALSE))) | AN55: =IF(AN30="","",(HLOOKUP($A$2,$C$1:$S$2,2,FALSE))*AN30/(HLOOKUP(AN$6,$C$1:$S$2,2,FALSE))) | AO55: =IF(AO30="","",(HLOOKUP($A$2,$C$1:$S$2,2,FALSE))*AO30/(HLOOKUP(AQ$6,$C$1:$S$2,2,FALSE))) | AP55: =IF(AP30="","",(HLOOKUP($A$2,$C$1:$S$2,2,FALSE))*AP30/(HLOOKUP(AQ$6,$C$1:$S$2,2,FALSE))) | AQ55: =IF(AQ30="","",(HLOOKUP($A$2,$C$1:$S$2,2,FALSE))*AQ30/(HLOOKUP(AQ$6,$C$1:$S$2,2,FALSE))) | AR55: =IF(AR30="","",(HLOOKUP($A$2,$C$1:$S$2,2,FALSE))*AR30/(HLOOKUP(AT$6,$C$1:$S$2,2,FALSE))) | AS55: =IF(AS30="","",(HLOOKUP($A$2,$C$1:$S$2,2,FALSE))*AS30/(HLOOKUP(AT$6,$C$1:$S$2,2,FALSE))) | AT55: =IF(AT30="","",(HLOOKUP($A$2,$C$1:$S$2,2,FALSE))*AT30/(HLOOKUP(AT$6,$C$1:$S$2,2,FALSE))) | AU55: =IF(AU30="","",(HLOOKUP($A$2,$C$1:$S$2,2,FALSE))*AU30/(HLOOKUP(AW$6,$C$1:$S$2,2,FALSE))) | AV55: =IF(AV30="","",(HLOOKUP($A$2,$C$1:$S$2,2,FALSE))*AV30/(HLOOKUP(AW$6,$C$1:$S$2,2,FALSE))) | AW55: =IF(AW30="","",(HLOOKUP($A$2,$C$1:$S$2,2,FALSE))*AW30/(HLOOKUP(AW$6,$C$1:$S$2,2,FALSE))) | AX55: =IF(AX30="","",(HLOOKUP($A$2,$C$1:$S$2,2,FALSE))*AX30/(HLOOKUP(AZ$6,$C$1:$S$2,2,FALSE))) | AY55: =IF(AY30="","",(HLOOKUP($A$2,$C$1:$S$2,2,FALSE))*AY30/(HLOOKUP(AZ$6,$C$1:$S$2,2,FALSE))) | AZ55: =IF(AZ30="","",(HLOOKUP($A$2,$C$1:$S$2,2,FALSE))*AZ30/(HLOOKUP(AZ$6,$C$1:$S$2,2,FALSE))) | BA55: 23
B56: =IF(B31="","",(HLOOKUP($A$2,$C$1:$S$2,2,FALSE))*B31/(HLOOKUP(D$6,$C$1:$S$2,2,FALSE))) | C56: =IF(C31="","",(HLOOKUP($A$2,$C$1:$S$2,2,FALSE))*C31/(HLOOKUP(D$6,$C$1:$S$2,2,FALSE))) | D56: =IF(D31="","",(HLOOKUP($A$2,$C$1:$S$2,2,FALSE))*D31/(HLOOKUP(D$6,$C$1:$S$2,2,FALSE))) | E56: =IF(E31="","",(HLOOKUP($A$2,$C$1:$S$2,2,FALSE))*E31/(HLOOKUP(G$6,$C$1:$S$2,2,FALSE))) | F56: =IF(F31="","",(HLOOKUP($A$2,$C$1:$S$2,2,FALSE))*F31/(HLOOKUP(G$6,$C$1:$S$2,2,FALSE))) | G56: =IF(G31="","",(HLOOKUP($A$2,$C$1:$S$2,2,FALSE))*G31/(HLOOKUP(G$6,$C$1:$S$2,2,FALSE))) | H56: =IF(H31="","",(HLOOKUP($A$2,$C$1:$S$2,2,FALSE))*H31/(HLOOKUP(J$6,$C$1:$S$2,2,FALSE))) | I56: =IF(I31="","",(HLOOKUP($A$2,$C$1:$S$2,2,FALSE))*I31/(HLOOKUP(J$6,$C$1:$S$2,2,FALSE))) | J56: =IF(J31="","",(HLOOKUP($A$2,$C$1:$S$2,2,FALSE))*J31/(HLOOKUP(J$6,$C$1:$S$2,2,FALSE))) | K56: =IF(K31="","",(HLOOKUP($A$2,$C$1:$S$2,2,FALSE))*K31/(HLOOKUP(M$6,$C$1:$S$2,2,FALSE))) | L56: =IF(L31="","",(HLOOKUP($A$2,$C$1:$S$2,2,FALSE))*L31/(HLOOKUP(M$6,$C$1:$S$2,2,FALSE))) | M56: =IF(M31="","",(HLOOKUP($A$2,$C$1:$S$2,2,FALSE))*M31/(HLOOKUP(M$6,$C$1:$S$2,2,FALSE))) | O56: =IF(O31="","",(HLOOKUP($A$2,$C$1:$S$2,2,FALSE))*O31/(HLOOKUP(P$6,$C$1:$S$2,2,FALSE))) | P56: =IF(P31="","",(HLOOKUP($A$2,$C$1:$S$2,2,FALSE))*P31/(HLOOKUP(P$6,$C$1:$S$2,2,FALSE))) | Q56: =IF(Q31="","",(HLOOKUP($A$2,$C$1:$S$2,2,FALSE))*Q31/(HLOOKUP(S$6,$C$1:$S$2,2,FALSE))) | R56: =IF(R31="","",(HLOOKUP($A$2,$C$1:$S$2,2,FALSE))*R31/(HLOOKUP(S$6,$C$1:$S$2,2,FALSE))) | S56: =IF(S31="","",(HLOOKUP($A$2,$C$1:$S$2,2,FALSE))*S31/(HLOOKUP(S$6,$C$1:$S$2,2,FALSE))) | T56: =IF(T31="","",(HLOOKUP($A$2,$C$1:$S$2,2,FALSE))*T31/(HLOOKUP(V$6,$C$1:$S$2,2,FALSE))) | U56: =IF(U31="","",(HLOOKUP($A$2,$C$1:$S$2,2,FALSE))*U31/(HLOOKUP(V$6,$C$1:$S$2,2,FALSE))) | V56: =IF(V31="","",(HLOOKUP($A$2,$C$1:$S$2,2,FALSE))*V31/(HLOOKUP(V$6,$C$1:$S$2,2,FALSE))) | W56: =IF(W31="","",(HLOOKUP($A$2,$C$1:$S$2,2,FALSE))*W31/(HLOOKUP(Y$6,$C$1:$S$2,2,FALSE))) | X56: =IF(X31="","",(HLOOKUP($A$2,$C$1:$S$2,2,FALSE))*X31/(HLOOKUP(Y$6,$C$1:$S$2,2,FALSE))) | Y56: =IF(Y31="","",(HLOOKUP($A$2,$C$1:$S$2,2,FALSE))*Y31/(HLOOKUP(Y$6,$C$1:$S$2,2,FALSE))) | Z56: =IF(Z31="","",(HLOOKUP($A$2,$C$1:$S$2,2,FALSE))*Z31/(HLOOKUP(AB$6,$C$1:$S$2,2,FALSE))) | AA56: =IF(AA31="","",(HLOOKUP($A$2,$C$1:$S$2,2,FALSE))*AA31/(HLOOKUP(AB$6,$C$1:$S$2,2,FALSE))) | AB56: =IF(AB31="","",(HLOOKUP($A$2,$C$1:$S$2,2,FALSE))*AB31/(HLOOKUP(AB$6,$C$1:$S$2,2,FALSE))) | AC56: =IF(AC31="","",(HLOOKUP($A$2,$C$1:$S$2,2,FALSE))*AC31/(HLOOKUP(AE$6,$C$1:$S$2,2,FALSE))) | AD56: =IF(AD31="","",(HLOOKUP($A$2,$C$1:$S$2,2,FALSE))*AD31/(HLOOKUP(AE$6,$C$1:$S$2,2,FALSE))) | AE56: =IF(AE31="","",(HLOOKUP($A$2,$C$1:$S$2,2,FALSE))*AE31/(HLOOKUP(AE$6,$C$1:$S$2,2,FALSE))) | AF56: =IF(AF31="","",(HLOOKUP($A$2,$C$1:$S$2,2,FALSE))*AF31/(HLOOKUP(AH$6,$C$1:$S$2,2,FALSE))) | AG56: =IF(AG31="","",(HLOOKUP($A$2,$C$1:$S$2,2,FALSE))*AG31/(HLOOKUP(AH$6,$C$1:$S$2,2,FALSE))) | AH56: =IF(AH31="","",(HLOOKUP($A$2,$C$1:$S$2,2,FALSE))*AH31/(HLOOKUP(AH$6,$C$1:$S$2,2,FALSE))) | AI56: =IF(AI31="","",(HLOOKUP($A$2,$C$1:$S$2,2,FALSE))*AI31/(HLOOKUP(AK$6,$C$1:$S$2,2,FALSE))) | AJ56: =IF(AJ31="","",(HLOOKUP($A$2,$C$1:$S$2,2,FALSE))*AJ31/(HLOOKUP(AK$6,$C$1:$S$2,2,FALSE))) | AK56: =IF(AK31="","",(HLOOKUP($A$2,$C$1:$S$2,2,FALSE))*AK31/(HLOOKUP(AK$6,$C$1:$S$2,2,FALSE))) | AL56: =IF(AL31="","",(HLOOKUP($A$2,$C$1:$S$2,2,FALSE))*AL31/(HLOOKUP(AN$6,$C$1:$S$2,2,FALSE))) | AM56: =IF(AM31="","",(HLOOKUP($A$2,$C$1:$S$2,2,FALSE))*AM31/(HLOOKUP(AN$6,$C$1:$S$2,2,FALSE))) | AN56: =IF(AN31="","",(HLOOKUP($A$2,$C$1:$S$2,2,FALSE))*AN31/(HLOOKUP(AN$6,$C$1:$S$2,2,FALSE))) | AO56: =IF(AO31="","",(HLOOKUP($A$2,$C$1:$S$2,2,FALSE))*AO31/(HLOOKUP(AQ$6,$C$1:$S$2,2,FALSE))) | AP56: =IF(AP31="","",(HLOOKUP($A$2,$C$1:$S$2,2,FALSE))*AP31/(HLOOKUP(AQ$6,$C$1:$S$2,2,FALSE))) | AQ56: =IF(AQ31="","",(HLOOKUP($A$2,$C$1:$S$2,2,FALSE))*AQ31/(HLOOKUP(AQ$6,$C$1:$S$2,2,FALSE))) | AR56: =IF(AR31="","",(HLOOKUP($A$2,$C$1:$S$2,2,FALSE))*AR31/(HLOOKUP(AT$6,$C$1:$S$2,2,FALSE))) | AS56: =IF(AS31="","",(HLOOKUP($A$2,$C$1:$S$2,2,FALSE))*AS31/(HLOOKUP(AT$6,$C$1:$S$2,2,FALSE))) | AT56: =IF(AT31="","",(HLOOKUP($A$2,$C$1:$S$2,2,FALSE))*AT31/(HLOOKUP(AT$6,$C$1:$S$2,2,FALSE))) | AU56: =IF(AU31="","",(HLOOKUP($A$2,$C$1:$S$2,2,FALSE))*AU31/(HLOOKUP(AW$6,$C$1:$S$2,2,FALSE))) | AV56: =IF(AV31="","",(HLOOKUP($A$2,$C$1:$S$2,2,FALSE))*AV31/(HLOOKUP(AW$6,$C$1:$S$2,2,FALSE))) | AW56: =IF(AW31="","",(HLOOKUP($A$2,$C$1:$S$2,2,FALSE))*AW31/(HLOOKUP(AW$6,$C$1:$S$2,2,FALSE))) | AX56: =IF(AX31="","",(HLOOKUP($A$2,$C$1:$S$2,2,FALSE))*AX31/(HLOOKUP(AZ$6,$C$1:$S$2,2,FALSE))) | AY56: =IF(AY31="","",(HLOOKUP($A$2,$C$1:$S$2,2,FALSE))*AY31/(HLOOKUP(AZ$6,$C$1:$S$2,2,FALSE))) | AZ56: =IF(AZ31="","",(HLOOKUP($A$2,$C$1:$S$2,2,FALSE))*AZ31/(HLOOKUP(AZ$6,$C$1:$S$2,2,FALSE))) | BA56: 24
B57: 1 | E57: 2 | H57: 3 | K57: 4 | N57: 5 | Q57: 10 | T57: 11 | Z57: 6 | AC57: 7 | AF57: 8 | AI57: 9 | AL57: 12 | AO57: 13 | AR57: 14 | AU57: 15 | AX57: 16
A58: 1 | B58: =IF('datos crudos'!$N$27="","",'datos crudos'!$N$27) | C58: =IF(B58<MIN(B$33:B$56),MIN(B$33:B$56),IF(B58>MAX(B$33:B$56),MAX(B$33:B$56),INDEX(B$33:B$56,VLOOKUP(B58,B$33:$BA$56,COLUMNS(B$3:$BA$3),TRUE),1))) -> 399.317 | D58: =IF(B58<MIN(B$33:B$56),MIN(B$33:B$56),IF(B58>MAX(B$33:B$56),MAX(B$33:B$56),INDEX(B$33:B$56,VLOOKUP(B58,B$33:$BA$56,COLUMNS(B$3:$BA$3),TRUE)+1,1))) -> 399.317 | E58: =B58 | F58: =IF(E58<MIN(E$33:E$56),MIN(E$33:E$56),IF(E58>MAX(E$33:E$56),MAX(E$33:E$56),INDEX(E$33:E$56,VLOOKUP(E58,E$33:$BA$56,COLUMNS(E$3:$BA$3),TRUE),1))) -> 270.4 | G58: =IF(E58<MIN(E$33:E$56),MIN(E$33:E$56),IF(E58>MAX(E$33:E$56),MAX(E$33:E$56),INDEX(E$33:E$56,VLOOKUP(E58,E$33:$BA$56,COLUMNS(E$3:$BA$3),TRUE)+1,1))) -> 270.4 | H58: =B58 | I58: =IF(H58<MIN(H$33:H$56),MIN(H$33:H$56),IF(H58>MAX(H$33:H$56),MAX(H$33:H$56),INDEX(H$33:H$56,VLOOKUP(H58,H$33:$BA$56,COLUMNS(H$3:$BA$3),TRUE),1))) -> 400 | J58: =IF(H58<MIN(H$33:H$56),MIN(H$33:H$56),IF(H58>MAX(H$33:H$56),MAX(H$33:H$56),INDEX(H$33:H$56,VLOOKUP(H58,H$33:$BA$56,COLUMNS(H$3:$BA$3),TRUE)+1,1))) -> 400 | K58: =E58 | L58: =IF(K58<MIN(K$33:K$56),MIN(K$33:K$56),IF(K58>MAX(K$33:K$56),MAX(K$33:K$56),INDEX(K$33:K$56,VLOOKUP(K58,K$33:$BA$56,COLUMNS(K$3:$BA$3),TRUE),1))) -> 139.2 | M58: =IF(K58<MIN(K$33:K$56),MIN(K$33:K$56),IF(K58>MAX(K$33:K$56),MAX(K$33:K$56),INDEX(K$33:K$56,VLOOKUP(K58,K$33:$BA$56,COLUMNS(K$3:$BA$3),TRUE)+1,1))) -> 139.2 | N58: =B58 | O58: =IF(N58<MIN(N$33:N$56),MIN(N$33:N$56),IF(N58>MAX(N$33:N$56),MAX(N$33:N$56),INDEX(N$33:N$56,VLOOKUP(N58,N$33:$BA$56,COLUMNS(N$3:$BA$3),TRUE),1))) -> 398.867 | P58: =IF(N58<MIN(N$33:N$56),MIN(N$33:N$56),IF(N58>MAX(N$33:N$56),MAX(N$33:N$56),INDEX(N$33:N$56,VLOOKUP(N58,N$33:$BA$56,COLUMNS(N$3:$BA$3),TRUE)+1,1))) -> 398.867 | Q58: =E58 | R58: =IF(Q58<MIN(Q$33:Q$56),MIN(Q$33:Q$56),IF(Q58>MAX(Q$33:Q$56),MAX(Q$33:Q$56),INDEX(Q$33:Q$56,VLOOKUP(Q58,Q$33:$BA$56,COLUMNS(Q$3:$BA$3),TRUE),1))) -> 399.16 | S58: =IF(Q58<MIN(Q$33:Q$56),MIN(Q$33:Q$56),IF(Q58>MAX(Q$33:Q$56),MAX(Q$33:Q$56),INDEX(Q$33:Q$56,VLOOKUP(Q58,Q$33:$BA$56,COLUMNS(Q$3:$BA$3),TRUE)+1,1))) -> 399.16 | T58: =H58 | U58: =IF(T58<MIN(T$33:T$56),MIN(T$33:T$56),IF(T58>MAX(T$33:T$56),MAX(T$33:T$56),INDEX(T$33:T$56,VLOOKUP(T58,T$33:$BA$56,COLUMNS(T$3:$BA$3),TRUE),1))) -> 100.1 | V58: =IF(T58<MIN(T$33:T$56),MIN(T$33:T$56),IF(T58>MAX(T$33:T$56),MAX(T$33:T$56),INDEX(T$33:T$56,VLOOKUP(T58,T$33:$BA$56,COLUMNS(T$3:$BA$3),TRUE)+1,1))) -> 100.1 | W58: =B58 | X58: =IF(W58<MIN(W$33:W$56),MIN(W$33:W$56),IF(W58>MAX(W$33:W$56),MAX(W$33:W$56),INDEX(W$33:W$56,VLOOKUP(W58,W$33:$BA$56,COLUMNS(W$3:$BA$3),TRUE),1))) -> #N/A | Y58: =IF(W58<MIN(W$33:W$56),MIN(W$33:W$56),IF(W58>MAX(W$33:W$56),MAX(W$33:W$56),INDEX(W$33:W$56,VLOOKUP(W58,W$33:$BA$56,COLUMNS(W$3:$BA$3),TRUE)+1,1))) -> #N/A | Z58: =B58 | AA58: =IF(Z58<MIN(Z$33:Z$56),MIN(Z$33:Z$56),IF(Z58>MAX(Z$33:Z$56),MAX(Z$33:Z$56),INDEX(Z$33:Z$56,VLOOKUP(Z58,Z$33:$BA$56,COLUMNS(Z$3:$BA$3),TRUE),1))) -> 139.87 | AB58: =IF(Z58<MIN(Z$33:Z$56),MIN(Z$33:Z$56),IF(Z58>MAX(Z$33:Z$56),MAX(Z$33:Z$56),INDEX(Z$33:Z$56,VLOOKUP(Z58,Z$33:$BA$56,COLUMNS(Z$3:$BA$3),TRUE)+1,1))) -> 139.87 | AC58: =B58 | AD58: =IF(AC58<MIN(AC$33:AC$56),MIN(AC$33:AC$56),IF(AC58>MAX(AC$33:AC$56),MAX(AC$33:AC$56),INDEX(AC$33:AC$56,VLOOKUP(AC58,AC$33:$BA$56,COLUMNS(AC$3:$BA$3),TRUE),1))) -> 139.87 | AE58: =IF(AC58<MIN(AC$33:AC$56),MIN(AC$33:AC$56),IF(AC58>MAX(AC$33:AC$56),MAX(AC$33:AC$56),INDEX(AC$33:AC$56,VLOOKUP(AC58,AC$33:$BA$56,COLUMNS(AC$3:$BA$3),TRUE)+1,1))) -> 139.87 | AF58: =B58 | AG58: =IF(AF58<MIN(AF$33:AF$56),MIN(AF$33:AF$56),IF(AF58>MAX(AF$33:AF$56),MAX(AF$33:AF$56),INDEX(AF$33:AF$56,VLOOKUP(AF58,AF$33:$BA$56,COLUMNS(AF$3:$BA$3),TRUE),1))) -> 139.87 | AH58: =IF(AF58<MIN(AF$33:AF$56),MIN(AF$33:AF$56),IF(AF58>MAX(AF$33:AF$56),MAX(AF$33:AF$56),INDEX(AF$33:AF$56,VLOOKUP(AF58,AF$33:$BA$56,COLUMNS(AF$3:$BA$3),TRUE)+1,1))) -> 139.87 | AI58: =E58 | AJ58: =IF(AI58<MIN(AI$33:AI$56),MIN(AI$33:AI$56),IF(AI58>MAX(AI$33:AI$56),MAX(AI$33:AI$56),INDEX(AI$33:AI$56,VLOOKUP(AI58,AI$33:$BA$56,COLUMNS(AI$3:$BA$3),TRUE),1))) -> 139.88 | AK58: =IF(AI58<MIN(AI$33:AI$56),MIN(AI$33:AI$56),IF(AI58>MAX(AI$33:AI$56),MAX(AI$33:AI$56),INDEX(AI$33:AI$56,VLOOKUP(AI58,AI$33:$BA$56,COLUMNS(AI$3:$BA$3),TRUE)+1,1))) -> 139.88 | AL58: =H58 | AM58: =IF(AL58<MIN(AL$33:AL$56),MIN(AL$33:AL$56),IF(AL58>MAX(AL$33:AL$56),MAX(AL$33:AL$56),INDEX(AL$33:AL$56,VLOOKUP(AL58,AL$33:$BA$56,COLUMNS(AL$3:$BA$3),TRUE),1))) -> 300.2 | AN58: =IF(AL58<MIN(AL$33:AL$56),MIN(AL$33:AL$56),IF(AL58>MAX(AL$33:AL$56),MAX(AL$33:AL$56),INDEX(AL$33:AL$56,VLOOKUP(AL58,AL$33:$BA$56,COLUMNS(AL$3:$BA$3),TRUE)+1,1))) -> 300.2 | AO58: =K58 | AP58: =IF(AO58<MIN(AO$33:AO$56),MIN(AO$33:AO$56),IF(AO58>MAX(AO$33:AO$56),MAX(AO$33:AO$56),INDEX(AO$33:AO$56,VLOOKUP(AO58,AO$33:$BA$56,COLUMNS(AO$3:$BA$3),TRUE),1))) -> 139.8 | AQ58: =IF(AO58<MIN(AO$33:AO$56),MIN(AO$33:AO$56),IF(AO58>MAX(AO$33:AO$56),MAX(AO$33:AO$56),INDEX(AO$33:AO$56,VLOOKUP(AO58,AO$33:$BA$56,COLUMNS(AO$3:$BA$3),TRUE)+1,1))) -> 139.8 | AR58: =N58 | AS58: =IF(AR58<MIN(AR$33:AR$56),MIN(AR$33:AR$56),IF(AR58>MAX(AR$33:AR$56),MAX(AR$33:AR$56),INDEX(AR$33:AR$56,VLOOKUP(AR58,AR$33:$BA$56,COLUMNS(AR$3:$BA$3),TRUE),1))) -> 139.9 | AT58: =IF(AR58<MIN(AR$33:AR$56),MIN(AR$33:AR$56),IF(AR58>MAX(AR$33:AR$56),MAX(AR$33:AR$56),INDEX(AR$33:AR$56,VLOOKUP(AR58,AR$33:$BA$56,COLUMNS(AR$3:$BA$3),TRUE)+1,1))) -> 139.9 | AU58: =Q58 | AV58: =IF(AU58<MIN(AU$33:AU$56),MIN(AU$33:AU$56),IF(AU58>MAX(AU$33:AU$56),MAX(AU$33:AU$56),INDEX(AU$33:AU$56,VLOOKUP(AU58,AU$33:$BA$56,COLUMNS(AU$3:$BA$3),TRUE),1))) -> 40.33 | AW58: =IF(AU58<MIN(AU$33:AU$56),MIN(AU$33:AU$56),IF(AU58>MAX(AU$33:AU$56),MAX(AU$33:AU$56),INDEX(AU$33:AU$56,VLOOKUP(AU58,AU$33:$BA$56,COLUMNS(AU$3:$BA$3),TRUE)+1,1))) -> 40.33 | AX58: =Q58 | AY58: =IF(AX58<MIN(AX$33:AX$56),MIN(AX$33:AX$56),IF(AX58>MAX(AX$33:AX$56),MAX(AX$33:AX$56),INDEX(AX$33:AX$56,VLOOKUP(AX58,AX$33:$BA$56,COLUMNS(AX$3:$BA$3),TRUE),1))) -> 36.67 | AZ58: =IF(AX58<MIN(AX$33:AX$56),MIN(AX$33:AX$56),IF(AX58>MAX(AX$33:AX$56),MAX(AX$33:AX$56),INDEX(AX$33:AX$56,VLOOKUP(AX58,AX$33:$BA$56,COLUMNS(AX$3:$BA$3),TRUE)+1,1))) -> 36.67
A59: E | B59: =IF($C$88<$D$88,$C$59,$D$59) -> 0.547 | C59: =IF(B58<MIN(B$33:B$56),VLOOKUP(MIN(B$33:B$56),B$33:D$56,2,FALSE),IF(B58>MAX(B$33:B$56),VLOOKUP(MAX(B$33:B$56),B$33:D$56,2,FALSE),VLOOKUP(C58,B$33:D$56,2,FALSE))) -> 0.547 | D59: =IF(B58<MIN(B$33:B$56),VLOOKUP(MIN(B$33:B$56),B$33:D$56,2,FALSE),IF(B58>MAX(B$33:B$56),VLOOKUP(MAX(B$33:B$56),B$33:D$56,2,FALSE),VLOOKUP(D58,B33:D56,2,FALSE))) -> 0.547 | E59: =IF($F$88<$G$88,$F$59,$G$59) -> 0.288 | F59: =IF(E58<MIN(E$33:E$56),VLOOKUP(MIN(E$33:E$56),E$33:G$56,2,FALSE),IF(E58>MAX(E$33:E$56),VLOOKUP(MAX(E$33:E$56),E$33:G$56,2,FALSE),VLOOKUP(F58,E$33:G$56,2,FALSE))) -> 0.288 | G59: =IF(E58<MIN(E$33:E$56),VLOOKUP(MIN(E$33:E$56),E$33:G$56,2,FALSE),IF(E58>MAX(E$33:E$56),VLOOKUP(MAX(E$33:E$56),E$33:G$56,2,FALSE),VLOOKUP(G58,E33:G56,2,FALSE))) -> 0.288 | H59: =IF(I88<J88,I59,J59) -> 0.032 | I59: =IF(H58<MIN(H$33:H$56),VLOOKUP(MIN(H$33:H$56),H$33:J$56,2,FALSE),IF(H58>MAX(H$33:H$56),VLOOKUP(MAX(H$33:H$56),H$33:J$56,2,FALSE),VLOOKUP(I58,H$33:J$56,2,FALSE))) -> 0.032 | J59: =IF(H58<MIN(H$33:H$56),VLOOKUP(MIN(H$33:H$56),H$33:J$56,2,FALSE),IF(H58>MAX(H$33:H$56),VLOOKUP(MAX(H$33:H$56),H$33:J$56,2,FALSE),VLOOKUP(J58,H33:J56,2,FALSE))) -> 0.032 | K59: =IF(L88<M88,L59,M59) -> -0.8 | L59: =IF(K58<MIN(K$33:K$56),VLOOKUP(MIN(K$33:K$56),K$33:M$56,2,FALSE),IF(K58>MAX(K$33:K$56),VLOOKUP(MAX(K$33:K$56),K$33:M$56,2,FALSE),VLOOKUP(L58,K$33:M$56,2,FALSE))) -> -0.8 | M59: =IF(K58<MIN(K$33:K$56),VLOOKUP(MIN(K$33:K$56),K$33:M$56,2,FALSE),IF(K58>MAX(K$33:K$56),VLOOKUP(MAX(K$33:K$56),K$33:M$56,2,FALSE),VLOOKUP(M58,K33:M56,2,FALSE))) -> -0.8 | N59: =IF($O$88<$P$88,$O$59,$P$59) -> 0.5363 | O59: =IF(N58<MIN(N$33:N$56),VLOOKUP(MIN(N$33:N$56),N$33:P$56,2,FALSE),IF(N58>MAX(N$33:N$56),VLOOKUP(MAX(N$33:N$56),N$33:P$56,2,FALSE),VLOOKUP(O58,N$33:P$56,2,FALSE))) -> 0.5363 | P59: =IF(N58<MIN(N$33:N$56),VLOOKUP(MIN(N$33:N$56),N$33:P$56,2,FALSE),IF(N58>MAX(N$33:N$56),VLOOKUP(MAX(N$33:N$56),N$33:P$56,2,FALSE),VLOOKUP(P58,N33:P56,2,FALSE))) -> 0.5363 | Q59: =IF($O$88<$P$88,$O$59,$P$59) -> 0.5363 | R59: =IF(Q58<MIN(Q$33:Q$56),VLOOKUP(MIN(Q$33:Q$56),Q$33:S$56,2,FALSE),IF(Q58>MAX(Q$33:Q$56),VLOOKUP(MAX(Q$33:Q$56),Q$33:S$56,2,FALSE),VLOOKUP(R58,Q$33:S$56,2,FALSE))) -> -1.025 | S59: =IF(Q58<MIN(Q$33:Q$56),VLOOKUP(MIN(Q$33:Q$56),Q$33:S$56,2,FALSE),IF(Q58>MAX(Q$33:Q$56),VLOOKUP(MAX(Q$33:Q$56),Q$33:S$56,2,FALSE),VLOOKUP(S58,Q33:S56,2,FALSE))) -> -1.025 | T59: =IF($O$88<$P$88,$U$59,$V$59) -> 0.19 | U59: =IF(T58<MIN(T$33:T$56),VLOOKUP(MIN(T$33:T$56),T$33:V$56,2,FALSE),IF(T58>MAX(T$33:T$56),VLOOKUP(MAX(T$33:T$56),T$33:V$56,2,FALSE),VLOOKUP(U58,T$33:V$56,2,FALSE))) -> 0.19 | V59: =IF(T58<MIN(T$33:T$56),VLOOKUP(MIN(T$33:T$56),T$33:V$56,2,FALSE),IF(T58>MAX(T$33:T$56),VLOOKUP(MAX(T$33:T$56),T$33:V$56,2,FALSE),VLOOKUP(V58,T33:V56,2,FALSE))) -> 0.19 | W59: =IF(W58<=MIN(W$33:W$56),VLOOKUP(MIN(W$33:W$56),W$33:Y$56,2,FALSE),IF(W58>=MAX(W$33:W$56),VLOOKUP(MAX(W$33:W$56),W$33:Y$56,2,FALSE),X59+((#REF!-X58)/(Y58-X58))*(Y59-X59))) -> #N/A | X59: =IF(W58<MIN(W$33:W$56),VLOOKUP(MIN(W$33:W$56),W$33:Y$56,2,FALSE),IF(W58>MAX(W$33:W$56),VLOOKUP(MAX(W$33:W$56),W$33:Y$56,2,FALSE),VLOOKUP(X58,W$33:Y$56,2,FALSE))) -> #N/A | Y59: =IF(W58<MIN(W$33:W$56),VLOOKUP(MIN(W$33:W$56),W$33:Y$56,2,FALSE),IF(W58>MAX(W$33:W$56),VLOOKUP(MAX(W$33:W$56),W$33:Y$56,2,FALSE),VLOOKUP(Y58,W33:Y56,2,FALSE))) -> #N/A | Z59: =IF($AA$88<$AB$88,AA59,AB59) -> 0 | AA59: =IF(Z58<MIN(Z$33:Z$56),VLOOKUP(MIN(Z$33:Z$56),Z$33:AB$56,2,FALSE),IF(Z58>MAX(Z$33:Z$56),VLOOKUP(MAX(Z$33:Z$56),Z$33:AB$56,2,FALSE),VLOOKUP(AA58,Z$33:AB$56,2,FALSE))) -> 0 | AB59: =IF(Z58<MIN(Z$33:Z$56),VLOOKUP(MIN(Z$33:Z$56),Z$33:AB$56,2,FALSE),IF(Z58>MAX(Z$33:Z$56),VLOOKUP(MAX(Z$33:Z$56),Z$33:AB$56,2,FALSE),VLOOKUP(AB58,Z33:AB56,2,FALSE))) -> 0 | AC59: =IF($AD$88<$AE$88,AD59,AE59) -> 0 | AD59: =IF(AC58<MIN(AC$33:AC$56),VLOOKUP(MIN(AC$33:AC$56),AC$33:AE$56,2,FALSE),IF(AC58>MAX(AC$33:AC$56),VLOOKUP(MAX(AC$33:AC$56),AC$33:AE$56,2,FALSE),VLOOKUP(AD58,AC$33:AE$56,2,FALSE))) -> 0 | AE59: =IF(AC58<MIN(AC$33:AC$56),VLOOKUP(MIN(AC$33:AC$56),AC$33:AE$56,2,FALSE),IF(AC58>MAX(AC$33:AC$56),VLOOKUP(MAX(AC$33:AC$56),AC$33:AE$56,2,FALSE),VLOOKUP(AE58,AC33:AE56,2,FALSE))) -> 0 | AF59: =IF($AG$88<$AH$88,AG59,AH59) -> 0 | AG59: =IF(AF58<MIN(AF$33:AF$56),VLOOKUP(MIN(AF$33:AF$56),AF$33:AH$56,2,FALSE),IF(AF58>MAX(AF$33:AF$56),VLOOKUP(MAX(AF$33:AF$56),AF$33:AH$56,2,FALSE),VLOOKUP(AG58,AF$33:AH$56,2,FALSE))) -> 0 | AH59: =IF(AF58<MIN(AF$33:AF$56),VLOOKUP(MIN(AF$33:AF$56),AF$33:AH$56,2,FALSE),IF(AF58>MAX(AF$33:AF$56),VLOOKUP(MAX(AF$33:AF$56),AF$33:AH$56,2,FALSE),VLOOKUP(AH58,AF33:AH56,2,FALSE))) -> 0 | AI59: =IF($AG$88<$AH$88,AJ59,AK59) -> 0 | AJ59: =IF(AI58<MIN(AI$33:AI$56),VLOOKUP(MIN(AI$33:AI$56),AI$33:AK$56,2,FALSE),IF(AI58>MAX(AI$33:AI$56),VLOOKUP(MAX(AI$33:AI$56),AI$33:AK$56,2,FALSE),VLOOKUP(AJ58,AI$33:AK$56,2,FALSE))) -> 0 | AK59: =IF(AI58<MIN(AI$33:AI$56),VLOOKUP(MIN(AI$33:AI$56),AI$33:AK$56,2,FALSE),IF(AI58>MAX(AI$33:AI$56),VLOOKUP(MAX(AI$33:AI$56),AI$33:AK$56,2,FALSE),VLOOKUP(AK58,AI33:AK56,2,FALSE))) -> 0 | AL59: =IF($AG$88<$AH$88,AM59,AN59) -> 0.153 | AM59: =IF(AL58<MIN(AL$33:AL$56),VLOOKUP(MIN(AL$33:AL$56),AL$33:AN$56,2,FALSE),IF(AL58>MAX(AL$33:AL$56),VLOOKUP(MAX(AL$33:AL$56),AL$33:AN$56,2,FALSE),VLOOKUP(AM58,AL$33:AN$56,2,FALSE))) -> 0.153 | AN59: =IF(AL58<MIN(AL$33:AL$56),VLOOKUP(MIN(AL$33:AL$56),AL$33:AN$56,2,FALSE),IF(AL58>MAX(AL$33:AL$56),VLOOKUP(MAX(AL$33:AL$56),AL$33:AN$56,2,FALSE),VLOOKUP(AN58,AL33:AN56,2,FALSE))) -> 0.153 | AO59: =IF($AG$88<$AH$88,AP59,AQ59) -> -0.2 | AP59: =IF(AO58<MIN(AO$33:AO$56),VLOOKUP(MIN(AO$33:AO$56),AO$33:AQ$56,2,FALSE),IF(AO58>MAX(AO$33:AO$56),VLOOKUP(MAX(AO$33:AO$56),AO$33:AQ$56,2,FALSE),VLOOKUP(AP58,AO$33:AQ$56,2,FALSE))) -> -0.2 | AQ59: =IF(AO58<MIN(AO$33:AO$56),VLOOKUP(MIN(AO$33:AO$56),AO$33:AQ$56,2,FALSE),IF(AO58>MAX(AO$33:AO$56),VLOOKUP(MAX(AO$33:AO$56),AO$33:AQ$56,2,FALSE),VLOOKUP(AQ58,AO33:AQ56,2,FALSE))) -> -0.2 | AR59: =IF($AG$88<$AH$88,AS59,AT59) -> -0.1 | AS59: =IF(AR58<MIN(AR$33:AR$56),VLOOKUP(MIN(AR$33:AR$56),AR$33:AT$56,2,FALSE),IF(AR58>MAX(AR$33:AR$56),VLOOKUP(MAX(AR$33:AR$56),AR$33:AT$56,2,FALSE),VLOOKUP(AS58,AR$33:AT$56,2,FALSE))) -> -0.1 | AT59: =IF(AR58<MIN(AR$33:AR$56),VLOOKUP(MIN(AR$33:AR$56),AR$33:AT$56,2,FALSE),IF(AR58>MAX(AR$33:AR$56),VLOOKUP(MAX(AR$33:AR$56),AR$33:AT$56,2,FALSE),VLOOKUP(AT58,AR33:AT56,2,FALSE))) -> -0.1 | AU59: =IF($AG$88<$AH$88,AV59,AW59) -> 0.03 | AV59: =IF(AU58<MIN(AU$33:AU$56),VLOOKUP(MIN(AU$33:AU$56),AU$33:AW$56,2,FALSE),IF(AU58>MAX(AU$33:AU$56),VLOOKUP(MAX(AU$33:AU$56),AU$33:AW$56,2,FALSE),VLOOKUP(AV58,AU$33:AW$56,2,FALSE))) -> 0.03 | AW59: =IF(AU58<MIN(AU$33:AU$56),VLOOKUP(MIN(AU$33:AU$56),AU$33:AW$56,2,FALSE),IF(AU58>MAX(AU$33:AU$56),VLOOKUP(MAX(AU$33:AU$56),AU$33:AW$56,2,FALSE),VLOOKUP(AW58,AU33:AW56,2,FALSE))) -> 0.03 | AX59: =IF($AG$88<$AH$88,AY59,AZ59) -> 0.07 | AY59: =IF(AX58<MIN(AX$33:AX$56),VLOOKUP(MIN(AX$33:AX$56),AX$33:AZ$56,2,FALSE),IF(AX58>MAX(AX$33:AX$56),VLOOKUP(MAX(AX$33:AX$56),AX$33:AZ$56,2,FALSE),VLOOKUP(AY58,AX$33:AZ$56,2,FALSE))) -> 0.07 | AZ59: =IF(AX58<MIN(AX$33:AX$56),VLOOKUP(MIN(AX$33:AX$56),AX$33:AZ$56,2,FALSE),IF(AX58>MAX(AX$33:AX$56),VLOOKUP(MAX(AX$33:AX$56),AX$33:AZ$56,2,FALSE),VLOOKUP(AZ58,AX33:AZ56,2,FALSE))) -> 0.07
A60: U | B60: =IF(B58="","0",IF(C88<D88,C60,D60)) -> 0 | C60: =IF(B58<MIN(B$33:B$56),VLOOKUP(MIN(B$33:B$56),B$33:D$56,3,FALSE),IF(B58>MAX(B$33:B$56),VLOOKUP(MAX(B$33:B$56),B$33:D$56,3,FALSE),VLOOKUP(C58,B$33:D$56,3,FALSE))) -> 0.042 | D60: =IF(B58<MIN(B$33:B$56),VLOOKUP(MIN(B$33:B$56),B$33:D$56,3,FALSE),IF(B58>MAX(B$33:B$56),VLOOKUP(MAX(B$33:B$56),B$33:D$56,3,FALSE),VLOOKUP(D58,B$33:D$56,3,FALSE))) -> 0.042 | E60: =IF(E58="","0",IF(F88<G88,F60,G60)) -> 0 | F60: =IF(E58<MIN(E$33:E$56),VLOOKUP(MIN(E$33:E$56),E$33:G$56,3,FALSE),IF(E58>MAX(E$33:E$56),VLOOKUP(MAX(E$33:E$56),E$33:G$56,3,FALSE),VLOOKUP(F58,E$33:G$56,3,FALSE))) -> 0.031 | G60: =IF(E58<MIN(E$33:E$56),VLOOKUP(MIN(E$33:E$56),E$33:G$56,3,FALSE),IF(E58>MAX(E$33:E$56),VLOOKUP(MAX(E$33:E$56),E$33:G$56,3,FALSE),VLOOKUP(G58,E$33:G$56,3,FALSE))) -> 0.031 | H60: =IF(H58="","0",IF(I88<J88,I60,J60)) -> 0 | I60: =IF(H58<MIN(H$33:H$56),VLOOKUP(MIN(H$33:H$56),H$33:J$56,3,FALSE),IF(H58>MAX(H$33:H$56),VLOOKUP(MAX(H$33:H$56),H$33:J$56,3,FALSE),VLOOKUP(I58,H$33:J$56,3,FALSE))) -> 0.11 | J60: =IF(H58<MIN(H$33:H$56),VLOOKUP(MIN(H$33:H$56),H$33:J$56,3,FALSE),IF(H58>MAX(H$33:H$56),VLOOKUP(MAX(H$33:H$56),H$33:J$56,3,FALSE),VLOOKUP(J58,H$33:J$56,3,FALSE))) -> 0.11 | K60: =IF(K58="","0",IF(L88<M88,L60,M60)) -> 0 | L60: =IF(K58<MIN(K$33:K$56),VLOOKUP(MIN(K$33:K$56),K$33:M$56,3,FALSE),IF(K58>MAX(K$33:K$56),VLOOKUP(MAX(K$33:K$56),K$33:M$56,3,FALSE),VLOOKUP(L58,K$33:M$56,3,FALSE))) -> 0.54 | M60: =IF(K58<MIN(K$33:K$56),VLOOKUP(MIN(K$33:K$56),K$33:M$56,3,FALSE),IF(K58>MAX(K$33:K$56),VLOOKUP(MAX(K$33:K$56),K$33:M$56,3,FALSE),VLOOKUP(M58,K$33:M$56,3,FALSE))) -> 0.54 | N60: =IF(N58="","0",IF(O88<P88,O60,P60)) -> 0 | O60: =IF(N58<MIN(N$33:N$56),VLOOKUP(MIN(N$33:N$56),N$33:P$56,3,FALSE),IF(N58>MAX(N$33:N$56),VLOOKUP(MAX(N$33:N$56),N$33:P$56,3,FALSE),VLOOKUP(O58,N$33:P$56,3,FALSE))) -> 0.021 | P60: =IF(N58<MIN(N$33:N$56),VLOOKUP(MIN(N$33:N$56),N$33:P$56,3,FALSE),IF(N58>MAX(N$33:N$56),VLOOKUP(MAX(N$33:N$56),N$33:P$56,3,FALSE),VLOOKUP(P58,N$33:P$56,3,FALSE))) -> 0.021 | Q60: =IF(Q58="","0",IF(R88<S88,R60,S60)) -> 0 | R60: =IF(Q58<MIN(Q$33:Q$56),VLOOKUP(MIN(Q$33:Q$56),Q$33:S$56,3,FALSE),IF(Q58>MAX(Q$33:Q$56),VLOOKUP(MAX(Q$33:Q$56),Q$33:S$56,3,FALSE),VLOOKUP(R58,Q$33:S$56,3,FALSE))) -> 0.062 | S60: =IF(Q58<MIN(Q$33:Q$56),VLOOKUP(MIN(Q$33:Q$56),Q$33:S$56,3,FALSE),IF(Q58>MAX(Q$33:Q$56),VLOOKUP(MAX(Q$33:Q$56),Q$33:S$56,3,FALSE),VLOOKUP(S58,Q$33:S$56,3,FALSE))) -> 0.062 | T60: =IF(T58="","0",IF(U88<V88,U60,V60)) -> 0 | U60: =IF(T58<MIN(T$33:T$56),VLOOKUP(MIN(T$33:T$56),T$33:V$56,3,FALSE),IF(T58>MAX(T$33:T$56),VLOOKUP(MAX(T$33:T$56),T$33:V$56,3,FALSE),VLOOKUP(U58,T$33:V$56,3,FALSE))) -> 0.142 | V60: =IF(T58<MIN(T$33:T$56),VLOOKUP(MIN(T$33:T$56),T$33:V$56,3,FALSE),IF(T58>MAX(T$33:T$56),VLOOKUP(MAX(T$33:T$56),T$33:V$56,3,FALSE),VLOOKUP(V58,T$33:V$56,3,FALSE))) -> 0.142 | W60: =IF(W58<=MIN(W$33:W$56),VLOOKUP(MIN(W$33:W$56),W$33:Y$56,3,FALSE),IF(W58>=MAX(W$33:W$56),VLOOKUP(MAX(W$33:W$56),W$33:Y$56,3,FALSE),X60+((#REF!-X58)/(Y58-X58))*(Y60-X60))) -> #N/A | X60: =IF(W58<MIN(W$33:W$56),VLOOKUP(MIN(W$33:W$56),W$33:Y$56,3,FALSE),IF(W58>MAX(W$33:W$56),VLOOKUP(MAX(W$33:W$56),W$33:Y$56,3,FALSE),VLOOKUP(X58,W$33:Y$56,3,FALSE))) -> #N/A | Y60: =IF(W58<MIN(W$33:W$56),VLOOKUP(MIN(W$33:W$56),W$33:Y$56,3,FALSE),IF(W58>MAX(W$33:W$56),VLOOKUP(MAX(W$33:W$56),W$33:Y$56,3,FALSE),VLOOKUP(Y58,W$33:Y$56,3,FALSE))) -> #N/A | Z60: =IF(Z58="","0",IF(AA88<AB88,AA60,AB60)) -> 0 | AA60: =IF(Z58<MIN(Z$33:Z$56),VLOOKUP(MIN(Z$33:Z$56),Z$33:AB$56,3,FALSE),IF(Z58>MAX(Z$33:Z$56),VLOOKUP(MAX(Z$33:Z$56),Z$33:AB$56,3,FALSE),VLOOKUP(AA58,Z$33:AB$56,3,FALSE))) -> 0.13 | AB60: =IF(Z58<MIN(Z$33:Z$56),VLOOKUP(MIN(Z$33:Z$56),Z$33:AB$56,3,FALSE),IF(Z58>MAX(Z$33:Z$56),VLOOKUP(MAX(Z$33:Z$56),Z$33:AB$56,3,FALSE),VLOOKUP(AB58,Z$33:AB$56,3,FALSE))) -> 0.13 | AC60: =IF(AC58="","0",IF(AD88<AE88,AD60,AE60)) -> 0 | AD60: =IF(AC58<MIN(AC$33:AC$56),VLOOKUP(MIN(AC$33:AC$56),AC$33:AE$56,3,FALSE),IF(AC58>MAX(AC$33:AC$56),VLOOKUP(MAX(AC$33:AC$56),AC$33:AE$56,3,FALSE),VLOOKUP(AD58,AC$33:AE$56,3,FALSE))) -> 0.13 | AE60: =IF(AC58<MIN(AC$33:AC$56),VLOOKUP(MIN(AC$33:AC$56),AC$33:AE$56,3,FALSE),IF(AC58>MAX(AC$33:AC$56),VLOOKUP(MAX(AC$33:AC$56),AC$33:AE$56,3,FALSE),VLOOKUP(AE58,AC$33:AE$56,3,FALSE))) -> 0.13 | AF60: =IF(AF58="","0",IF(AG88<AH88,AG60,AH60)) -> 0 | AG60: =IF(AF58<MIN(AF$33:AF$56),VLOOKUP(MIN(AF$33:AF$56),AF$33:AH$56,3,FALSE),IF(AF58>MAX(AF$33:AF$56),VLOOKUP(MAX(AF$33:AF$56),AF$33:AH$56,3,FALSE),VLOOKUP(AG58,AF$33:AH$56,3,FALSE))) -> 0.13 | AH60: =IF(AF58<MIN(AF$33:AF$56),VLOOKUP(MIN(AF$33:AF$56),AF$33:AH$56,3,FALSE),IF(AF58>MAX(AF$33:AF$56),VLOOKUP(MAX(AF$33:AF$56),AF$33:AH$56,3,FALSE),VLOOKUP(AH58,AF$33:AH$56,3,FALSE))) -> 0.13 | AI60: =IF(AI58="","0",IF(AJ88<AK88,AJ60,AK60)) -> 0 | AJ60: =IF(AI58<MIN(AI$33:AI$56),VLOOKUP(MIN(AI$33:AI$56),AI$33:AK$56,3,FALSE),IF(AI58>MAX(AI$33:AI$56),VLOOKUP(MAX(AI$33:AI$56),AI$33:AK$56,3,FALSE),VLOOKUP(AJ58,AI$33:AK$56,3,FALSE))) -> 0.13 | AK60: =IF(AI58<MIN(AI$33:AI$56),VLOOKUP(MIN(AI$33:AI$56),AI$33:AK$56,3,FALSE),IF(AI58>MAX(AI$33:AI$56),VLOOKUP(MAX(AI$33:AI$56),AI$33:AK$56,3,FALSE),VLOOKUP(AK58,AI$33:AK$56,3,FALSE))) -> 0.13 | AL60: =IF(AL58="","0",IF(AM88<AN88,AM60,AN60)) -> 0 | AM60: =IF(AL58<MIN(AL$33:AL$56),VLOOKUP(MIN(AL$33:AL$56),AL$33:AN$56,3,FALSE),IF(AL58>MAX(AL$33:AL$56),VLOOKUP(MAX(AL$33:AL$56),AL$33:AN$56,3,FALSE),VLOOKUP(AM58,AL$33:AN$56,3,FALSE))) -> 0.153 | AN60: =IF(AL58<MIN(AL$33:AL$56),VLOOKUP(MIN(AL$33:AL$56),AL$33:AN$56,3,FALSE),IF(AL58>MAX(AL$33:AL$56),VLOOKUP(MAX(AL$33:AL$56),AL$33:AN$56,3,FALSE),VLOOKUP(AN58,AL$33:AN$56,3,FALSE))) -> 0.153 | AO60: =IF(AO58="","0",IF(AP88<AQ88,AP60,AQ60)) -> 0 | AP60: =IF(AO58<MIN(AO$33:AO$56),VLOOKUP(MIN(AO$33:AO$56),AO$33:AQ$56,3,FALSE),IF(AO58>MAX(AO$33:AO$56),VLOOKUP(MAX(AO$33:AO$56),AO$33:AQ$56,3,FALSE),VLOOKUP(AP58,AO$33:AQ$56,3,FALSE))) -> 0.54 | AQ60: =IF(AO58<MIN(AO$33:AO$56),VLOOKUP(MIN(AO$33:AO$56),AO$33:AQ$56,3,FALSE),IF(AO58>MAX(AO$33:AO$56),VLOOKUP(MAX(AO$33:AO$56),AO$33:AQ$56,3,FALSE),VLOOKUP(AQ58,AO$33:AQ$56,3,FALSE))) -> 0.54 | AR60: =IF(AR58="","0",IF(AS88<AT88,AS60,AT60)) -> 0 | AS60: =IF(AR58<MIN(AR$33:AR$56),VLOOKUP(MIN(AR$33:AR$56),AR$33:AT$56,3,FALSE),IF(AR58>MAX(AR$33:AR$56),VLOOKUP(MAX(AR$33:AR$56),AR$33:AT$56,3,FALSE),VLOOKUP(AS58,AR$33:AT$56,3,FALSE))) -> 0.54 | AT60: =IF(AR58<MIN(AR$33:AR$56),VLOOKUP(MIN(AR$33:AR$56),AR$33:AT$56,3,FALSE),IF(AR58>MAX(AR$33:AR$56),VLOOKUP(MAX(AR$33:AR$56),AR$33:AT$56,3,FALSE),VLOOKUP(AT58,AR$33:AT$56,3,FALSE))) -> 0.54 | AU60: =IF(AU58="","0",IF(AV88<AW88,AV60,AW60)) -> 0 | AV60: =IF(AU58<MIN(AU$33:AU$56),VLOOKUP(MIN(AU$33:AU$56),AU$33:AW$56,3,FALSE),IF(AU58>MAX(AU$33:AU$56),VLOOKUP(MAX(AU$33:AU$56),AU$33:AW$56,3,FALSE),VLOOKUP(AV58,AU$33:AW$56,3,FALSE))) -> 0.1 | AW60: =IF(AU58<MIN(AU$33:AU$56),VLOOKUP(MIN(AU$33:AU$56),AU$33:AW$56,3,FALSE),IF(AU58>MAX(AU$33:AU$56),VLOOKUP(MAX(AU$33:AU$56),AU$33:AW$56,3,FALSE),VLOOKUP(AW58,AU$33:AW$56,3,FALSE))) -> 0.1 | AX60: =IF(AX58="","0",IF(AY88<AZ88,AY60,AZ60)) -> 0 | AY60: =IF(AX58<MIN(AX$33:AX$56),VLOOKUP(MIN(AX$33:AX$56),AX$33:AZ$56,3,FALSE),IF(AX58>MAX(AX$33:AX$56),VLOOKUP(MAX(AX$33:AX$56),AX$33:AZ$56,3,FALSE),VLOOKUP(AY58,AX$33:AZ$56,3,FALSE))) -> 0.1 | AZ60: =IF(AX58<MIN(AX$33:AX$56),VLOOKUP(MIN(AX$33:AX$56),AX$33:AZ$56,3,FALSE),IF(AX58>MAX(AX$33:AX$56),VLOOKUP(MAX(AX$33:AX$56),AX$33:AZ$56,3,FALSE),VLOOKUP(AZ58,AX$33:AZ$56,3,FALSE))) -> 0.1
A61: 2 | B61: =IF('datos crudos'!$O$27="","",'datos crudos'!$O$27) | C61: =IF(B61<MIN(B$33:B$56),MIN(B$33:B$56),IF(B61>MAX(B$33:B$56),MAX(B$33:B$56),INDEX(B$33:B$56,VLOOKUP(B61,B$33:$BA$56,COLUMNS(B$3:$BA$3),TRUE),1))) -> 399.317 | D61: =IF(B61<MIN(B$33:B$56),MIN(B$33:B$56),IF(B61>MAX(B$33:B$56),MAX(B$33:B$56),INDEX(B$33:B$56,VLOOKUP(B61,B$33:$BA$56,COLUMNS(B$3:$BA$3),TRUE)+1,1))) -> 399.317 | E61: =B61 | F61: =IF(E61<MIN(E$33:E$56),MIN(E$33:E$56),IF(E61>MAX(E$33:E$56),MAX(E$33:E$56),INDEX(E$33:E$56,VLOOKUP(E61,E$33:$BA$56,COLUMNS(E$3:$BA$3),TRUE),1))) -> 270.4 | G61: =IF(E61<MIN(E$33:E$56),MIN(E$33:E$56),IF(E61>MAX(E$33:E$56),MAX(E$33:E$56),INDEX(E$33:E$56,VLOOKUP(E61,E$33:$BA$56,COLUMNS(E$3:$BA$3),TRUE)+1,1))) -> 270.4 | H61: =B61 | I61: =IF(H61<MIN(H$33:H$56),MIN(H$33:H$56),IF(H61>MAX(H$33:H$56),MAX(H$33:H$56),INDEX(H$33:H$56,VLOOKUP(H61,H$33:$BA$56,COLUMNS(H$3:$BA$3),TRUE),1))) -> 400 | J61: =IF(H61<MIN(H$33:H$56),MIN(H$33:H$56),IF(H61>MAX(H$33:H$56),MAX(H$33:H$56),INDEX(H$33:H$56,VLOOKUP(H61,H$33:$BA$56,COLUMNS(H$3:$BA$3),TRUE)+1,1))) -> 400 | K61: =E61 | L61: =IF(K61<MIN(K$33:K$56),MIN(K$33:K$56),IF(K61>MAX(K$33:K$56),MAX(K$33:K$56),INDEX(K$33:K$56,VLOOKUP(K61,K$33:$BA$56,COLUMNS(K$3:$BA$3),TRUE),1))) -> 139.2 | M61: =IF(K61<MIN(K$33:K$56),MIN(K$33:K$56),IF(K61>MAX(K$33:K$56),MAX(K$33:K$56),INDEX(K$33:K$56,VLOOKUP(K61,K$33:$BA$56,COLUMNS(K$3:$BA$3),TRUE)+1,1))) -> 139.2 | N61: =B61 | O61: =IF(N61<MIN(N$33:N$56),MIN(N$33:N$56),IF(N61>MAX(N$33:N$56),MAX(N$33:N$56),INDEX(N$33:N$56,VLOOKUP(N61,N$33:$BA$56,COLUMNS(N$3:$BA$3),TRUE),1))) -> 398.867 | P61: =IF(N61<MIN(N$33:N$56),MIN(N$33:N$56),IF(N61>MAX(N$33:N$56),MAX(N$33:N$56),INDEX(N$33:N$56,VLOOKUP(N61,N$33:$BA$56,COLUMNS(N$3:$BA$3),TRUE)+1,1))) -> 398.867 | Q61: =E61 | R61: =IF(Q61<MIN(Q$33:Q$56),MIN(Q$33:Q$56),IF(Q61>MAX(Q$33:Q$56),MAX(Q$33:Q$56),INDEX(Q$33:Q$56,VLOOKUP(Q61,Q$33:$BA$56,COLUMNS(Q$3:$BA$3),TRUE),1))) -> 399.16 | S61: =IF(Q61<MIN(Q$33:Q$56),MIN(Q$33:Q$56),IF(Q61>MAX(Q$33:Q$56),MAX(Q$33:Q$56),INDEX(Q$33:Q$56,VLOOKUP(Q61,Q$33:$BA$56,COLUMNS(Q$3:$BA$3),TRUE)+1,1))) -> 399.16 | T61: =H61 | U61: =IF(T61<MIN(T$33:T$56),MIN(T$33:T$56),IF(T61>MAX(T$33:T$56),MAX(T$33:T$56),INDEX(T$33:T$56,VLOOKUP(T61,T$33:$BA$56,COLUMNS(T$3:$BA$3),TRUE),1))) -> 100.1 | V61: =IF(T61<MIN(T$33:T$56),MIN(T$33:T$56),IF(T61>MAX(T$33:T$56),MAX(T$33:T$56),INDEX(T$33:T$56,VLOOKUP(T61,T$33:$BA$56,COLUMNS(T$3:$BA$3),TRUE)+1,1))) -> 100.1 | W61: =B61 | X61: =IF(W61<MIN(W$33:W$56),MIN(W$33:W$56),IF(W61>MAX(W$33:W$56),MAX(W$33:W$56),INDEX(W$33:W$56,VLOOKUP(W61,W$33:$BA$56,COLUMNS(W$3:$BA$3),TRUE),1))) -> #N/A | Y61: =IF(W61<MIN(W$33:W$56),MIN(W$33:W$56),IF(W61>MAX(W$33:W$56),MAX(W$33:W$56),INDEX(W$33:W$56,VLOOKUP(W61,W$33:$BA$56,COLUMNS(W$3:$BA$3),TRUE)+1,1))) -> #N/A | Z61: =B61 | AA61: =IF(Z61<MIN(Z$33:Z$56),MIN(Z$33:Z$56),IF(Z61>MAX(Z$33:Z$56),MAX(Z$33:Z$56),INDEX(Z$33:Z$56,VLOOKUP(Z61,Z$33:$BA$56,COLUMNS(Z$3:$BA$3),TRUE),1))) -> 139.87 | AB61: =IF(Z61<MIN(Z$33:Z$56),MIN(Z$33:Z$56),IF(Z61>MAX(Z$33:Z$56),MAX(Z$33:Z$56),INDEX(Z$33:Z$56,VLOOKUP(Z61,Z$33:$BA$56,COLUMNS(Z$3:$BA$3),TRUE)+1,1))) -> 139.87 | AC61: =B61 | AD61: =IF(AC61<MIN(AC$33:AC$56),MIN(AC$33:AC$56),IF(AC61>MAX(AC$33:AC$56),MAX(AC$33:AC$56),INDEX(AC$33:AC$56,VLOOKUP(AC61,AC$33:$BA$56,COLUMNS(AC$3:$BA$3),TRUE),1))) -> 139.87 | AE61: =IF(AC61<MIN(AC$33:AC$56),MIN(AC$33:AC$56),IF(AC61>MAX(AC$33:AC$56),MAX(AC$33:AC$56),INDEX(AC$33:AC$56,VLOOKUP(AC61,AC$33:$BA$56,COLUMNS(AC$3:$BA$3),TRUE)+1,1))) -> 139.87 | AF61: =B61 | AG61: =IF(AF61<MIN(AF$33:AF$56),MIN(AF$33:AF$56),IF(AF61>MAX(AF$33:AF$56),MAX(AF$33:AF$56),INDEX(AF$33:AF$56,VLOOKUP(AF61,AF$33:$BA$56,COLUMNS(AF$3:$BA$3),TRUE),1))) -> 139.87 | AH61: =IF(AF61<MIN(AF$33:AF$56),MIN(AF$33:AF$56),IF(AF61>MAX(AF$33:AF$56),MAX(AF$33:AF$56),INDEX(AF$33:AF$56,VLOOKUP(AF61,AF$33:$BA$56,COLUMNS(AF$3:$BA$3),TRUE)+1,1))) -> 139.87 | AI61: =E61 | AJ61: =IF(AI61<MIN(AI$33:AI$56),MIN(AI$33:AI$56),IF(AI61>MAX(AI$33:AI$56),MAX(AI$33:AI$56),INDEX(AI$33:AI$56,VLOOKUP(AI61,AI$33:$BA$56,COLUMNS(AI$3:$BA$3),TRUE),1))) -> 139.88 | AK61: =IF(AI61<MIN(AI$33:AI$56),MIN(AI$33:AI$56),IF(AI61>MAX(AI$33:AI$56),MAX(AI$33:AI$56),INDEX(AI$33:AI$56,VLOOKUP(AI61,AI$33:$BA$56,COLUMNS(AI$3:$BA$3),TRUE)+1,1))) -> 139.88 | AL61: =H61 | AM61: =IF(AL61<MIN(AL$33:AL$56),MIN(AL$33:AL$56),IF(AL61>MAX(AL$33:AL$56),MAX(AL$33:AL$56),INDEX(AL$33:AL$56,VLOOKUP(AL61,AL$33:$BA$56,COLUMNS(AL$3:$BA$3),TRUE),1))) -> 300.2 | AN61: =IF(AL61<MIN(AL$33:AL$56),MIN(AL$33:AL$56),IF(AL61>MAX(AL$33:AL$56),MAX(AL$33:AL$56),INDEX(AL$33:AL$56,VLOOKUP(AL61,AL$33:$BA$56,COLUMNS(AL$3:$BA$3),TRUE)+1,1))) -> 300.2 | AO61: =K61 | AP61: =IF(AO61<MIN(AO$33:AO$56),MIN(AO$33:AO$56),IF(AO61>MAX(AO$33:AO$56),MAX(AO$33:AO$56),INDEX(AO$33:AO$56,VLOOKUP(AO61,AO$33:$BA$56,COLUMNS(AO$3:$BA$3),TRUE),1))) -> 139.8 | AQ61: =IF(AO61<MIN(AO$33:AO$56),MIN(AO$33:AO$56),IF(AO61>MAX(AO$33:AO$56),MAX(AO$33:AO$56),INDEX(AO$33:AO$56,VLOOKUP(AO61,AO$33:$BA$56,COLUMNS(AO$3:$BA$3),TRUE)+1,1))) -> 139.8 | AR61: =N61 | AS61: =IF(AR61<MIN(AR$33:AR$56),MIN(AR$33:AR$56),IF(AR61>MAX(AR$33:AR$56),MAX(AR$33:AR$56),INDEX(AR$33:AR$56,VLOOKUP(AR61,AR$33:$BA$56,COLUMNS(AR$3:$BA$3),TRUE),1))) -> 139.9 | AT61: =IF(AR61<MIN(AR$33:AR$56),MIN(AR$33:AR$56),IF(AR61>MAX(AR$33:AR$56),MAX(AR$33:AR$56),INDEX(AR$33:AR$56,VLOOKUP(AR61,AR$33:$BA$56,COLUMNS(AR$3:$BA$3),TRUE)+1,1))) -> 139.9 | AU61: =Q61 | AV61: =IF(AU61<MIN(AU$33:AU$56),MIN(AU$33:AU$56),IF(AU61>MAX(AU$33:AU$56),MAX(AU$33:AU$56),INDEX(AU$33:AU$56,VLOOKUP(AU61,AU$33:$BA$56,COLUMNS(AU$3:$BA$3),TRUE),1))) -> 40.33 | AW61: =IF(AU61<MIN(AU$33:AU$56),MIN(AU$33:AU$56),IF(AU61>MAX(AU$33:AU$56),MAX(AU$33:AU$56),INDEX(AU$33:AU$56,VLOOKUP(AU61,AU$33:$BA$56,COLUMNS(AU$3:$BA$3),TRUE)+1,1))) -> 40.33 | AX61: =Q61 | AY61: =IF(AX61<MIN(AX$33:AX$56),MIN(AX$33:AX$56),IF(AX61>MAX(AX$33:AX$56),MAX(AX$33:AX$56),INDEX(AX$33:AX$56,VLOOKUP(AX61,AX$33:$BA$56,COLUMNS(AX$3:$BA$3),TRUE),1))) -> 36.67 | AZ61: =IF(AX61<MIN(AX$33:AX$56),MIN(AX$33:AX$56),IF(AX61>MAX(AX$33:AX$56),MAX(AX$33:AX$56),INDEX(AX$33:AX$56,VLOOKUP(AX61,AX$33:$BA$56,COLUMNS(AX$3:$BA$3),TRUE)+1,1))) -> 36.67
A62: E | B62: =IF(C89<D89,C62,D62) -> 0.547 | C62: =IF(B61<MIN(B$33:B$56),VLOOKUP(MIN(B$33:B$56),B$33:D$56,2,FALSE),IF(B61>MAX(B$33:B$56),VLOOKUP(MAX(B$33:B$56),B$33:D$56,2,FALSE),VLOOKUP(C61,B$33:D$56,2,FALSE))) -> 0.547 | D62: =IF(B61<MIN(B$33:B$56),VLOOKUP(MIN(B$33:B$56),B$33:D$56,2,FALSE),IF(B61>MAX(B$33:B$56),VLOOKUP(MAX(B$33:B$56),B$33:D$56,2,FALSE),VLOOKUP(D61,B33:D56,2,FALSE))) -> 0.547 | E62: =IF($F$89<$G$89,$F$62,$G$62) -> 0.288 | F62: =IF(E61<MIN(E$33:E$56),VLOOKUP(MIN(E$33:E$56),E$33:G$56,2,FALSE),IF(E61>MAX(E$33:E$56),VLOOKUP(MAX(E$33:E$56),E$33:G$56,2,FALSE),VLOOKUP(F61,E$33:G$56,2,FALSE))) -> 0.288 | G62: =IF(E61<MIN(E$33:E$56),VLOOKUP(MIN(E$33:E$56),E$33:G$56,2,FALSE),IF(E61>MAX(E$33:E$56),VLOOKUP(MAX(E$33:E$56),E$33:G$56,2,FALSE),VLOOKUP(G61,$E$33:$G$56,2,FALSE))) -> 0.288 | H62: =IF(I89<J89,I62,J62) -> 0.032 | I62: =IF(H61<MIN(H$33:H$56),VLOOKUP(MIN(H$33:H$56),H$33:J$56,2,FALSE),IF(H61>MAX(H$33:H$56),VLOOKUP(MAX(H$33:H$56),H$33:J$56,2,FALSE),VLOOKUP(I61,H$33:J$56,2,FALSE))) -> 0.032 | J62: =IF(H61<MIN(H$33:H$56),VLOOKUP(MIN(H$33:H$56),H$33:J$56,2,FALSE),IF(H61>MAX(H$33:H$56),VLOOKUP(MAX(H$33:H$56),H$33:J$56,2,FALSE),VLOOKUP(J61,H33:J56,2,FALSE))) -> 0.032 | K62: =IF(L89<M89,L62,M62) -> -0.8 | L62: =IF(K61<MIN(K$33:K$56),VLOOKUP(MIN(K$33:K$56),K$33:M$56,2,FALSE),IF(K61>MAX(K$33:K$56),VLOOKUP(MAX(K$33:K$56),K$33:M$56,2,FALSE),VLOOKUP(L61,K$33:M$56,2,FALSE))) -> -0.8 | M62: =IF(K61<MIN(K$33:K$56),VLOOKUP(MIN(K$33:K$56),K$33:M$56,2,FALSE),IF(K61>MAX(K$33:K$56),VLOOKUP(MAX(K$33:K$56),K$33:M$56,2,FALSE),VLOOKUP(M61,K33:M56,2,FALSE))) -> -0.8 | N62: =IF($O$89<$P$89,$O$62,$P$62) -> 0.5363 | O62: =IF(N61<MIN(N$33:N$56),VLOOKUP(MIN(N$33:N$56),N$33:P$56,2,FALSE),IF(N61>MAX(N$33:N$56),VLOOKUP(MAX(N$33:N$56),N$33:P$56,2,FALSE),VLOOKUP(O61,N$33:P$56,2,FALSE))) -> 0.5363 | P62: =IF(N61<MIN(N$33:N$56),VLOOKUP(MIN(N$33:N$56),N$33:P$56,2,FALSE),IF(N61>MAX(N$33:N$56),VLOOKUP(MAX(N$33:N$56),N$33:P$56,2,FALSE),VLOOKUP(P61,N33:P56,2,FALSE))) -> 0.5363 | Q62: =IF($O$89<$P$89,$O$62,$P$62) -> 0.5363 | R62: =IF(Q61<MIN(Q$33:Q$56),VLOOKUP(MIN(Q$33:Q$56),Q$33:S$56,2,FALSE),IF(Q61>MAX(Q$33:Q$56),VLOOKUP(MAX(Q$33:Q$56),Q$33:S$56,2,FALSE),VLOOKUP(R61,Q$33:S$56,2,FALSE))) -> -1.025 | S62: =IF(Q61<MIN(Q$33:Q$56),VLOOKUP(MIN(Q$33:Q$56),Q$33:S$56,2,FALSE),IF(Q61>MAX(Q$33:Q$56),VLOOKUP(MAX(Q$33:Q$56),Q$33:S$56,2,FALSE),VLOOKUP(S61,Q33:S56,2,FALSE))) -> -1.025 | T62: =IF($O$89<$P$89,$U$62,$V$62) -> 0.19 | U62: =IF(T61<MIN(T$33:T$56),VLOOKUP(MIN(T$33:T$56),T$33:V$56,2,FALSE),IF(T61>MAX(T$33:T$56),VLOOKUP(MAX(T$33:T$56),T$33:V$56,2,FALSE),VLOOKUP(U61,T$33:V$56,2,FALSE))) -> 0.19 | V62: =IF(T61<MIN(T$33:T$56),VLOOKUP(MIN(T$33:T$56),T$33:V$56,2,FALSE),IF(T61>MAX(T$33:T$56),VLOOKUP(MAX(T$33:T$56),T$33:V$56,2,FALSE),VLOOKUP(V61,T33:V56,2,FALSE))) -> 0.19 | W62: =IF(W61<=MIN(W$33:W$56),VLOOKUP(MIN(W$33:W$56),W$33:Y$56,2,FALSE),IF(W61>=MAX(W$33:W$56),VLOOKUP(MAX(W$33:W$56),W$33:Y$56,2,FALSE),X62+((#REF!-X61)/(Y61-X61))*(Y62-X62))) -> #N/A | X62: =IF(W61<MIN(W$33:W$56),VLOOKUP(MIN(W$33:W$56),W$33:Y$56,2,FALSE),IF(W61>MAX(W$33:W$56),VLOOKUP(MAX(W$33:W$56),W$33:Y$56,2,FALSE),VLOOKUP(X61,W$33:Y$56,2,FALSE))) -> #N/A | Y62: =IF(W61<MIN(W$33:W$56),VLOOKUP(MIN(W$33:W$56),W$33:Y$56,2,FALSE),IF(W61>MAX(W$33:W$56),VLOOKUP(MAX(W$33:W$56),W$33:Y$56,2,FALSE),VLOOKUP(Y61,W33:Y56,2,FALSE))) -> #N/A | Z62: =IF($AA$89<$AB$89,AA62,AB62) -> 0 | AA62: =IF(Z61<MIN(Z$33:Z$56),VLOOKUP(MIN(Z$33:Z$56),Z$33:AB$56,2,FALSE),IF(Z61>MAX(Z$33:Z$56),VLOOKUP(MAX(Z$33:Z$56),Z$33:AB$56,2,FALSE),VLOOKUP(AA61,Z$33:AB$56,2,FALSE))) -> 0 | AB62: =IF(Z61<MIN(Z$33:Z$56),VLOOKUP(MIN(Z$33:Z$56),Z$33:AB$56,2,FALSE),IF(Z61>MAX(Z$33:Z$56),VLOOKUP(MAX(Z$33:Z$56),Z$33:AB$56,2,FALSE),VLOOKUP(AB61,Z33:AB56,2,FALSE))) -> 0 | AC62: =IF($AD$89<$AE$89,AD62,AE62) -> 0 | AD62: =IF(AC61<MIN(AC$33:AC$56),VLOOKUP(MIN(AC$33:AC$56),AC$33:AE$56,2,FALSE),IF(AC61>MAX(AC$33:AC$56),VLOOKUP(MAX(AC$33:AC$56),AC$33:AE$56,2,FALSE),VLOOKUP(AD61,AC$33:AE$56,2,FALSE))) -> 0 | AE62: =IF(AC61<MIN(AC$33:AC$56),VLOOKUP(MIN(AC$33:AC$56),AC$33:AE$56,2,FALSE),IF(AC61>MAX(AC$33:AC$56),VLOOKUP(MAX(AC$33:AC$56),AC$33:AE$56,2,FALSE),VLOOKUP(AE61,AC33:AE56,2,FALSE))) -> 0 | AF62: =IF($AG$89<$AH$89,AG62,AH62) -> 0 | AG62: =IF(AF61<MIN(AF$33:AF$56),VLOOKUP(MIN(AF$33:AF$56),AF$33:AH$56,2,FALSE),IF(AF61>MAX(AF$33:AF$56),VLOOKUP(MAX(AF$33:AF$56),AF$33:AH$56,2,FALSE),VLOOKUP(AG61,AF$33:AH$56,2,FALSE))) -> 0 | AH62: =IF(AF61<MIN(AF$33:AF$56),VLOOKUP(MIN(AF$33:AF$56),AF$33:AH$56,2,FALSE),IF(AF61>MAX(AF$33:AF$56),VLOOKUP(MAX(AF$33:AF$56),AF$33:AH$56,2,FALSE),VLOOKUP(AH61,AF33:AH56,2,FALSE))) -> 0 | AI62: =IF($AG$89<$AH$89,AJ62,AK62) -> 0 | AJ62: =IF(AI61<MIN(AI$33:AI$56),VLOOKUP(MIN(AI$33:AI$56),AI$33:AK$56,2,FALSE),IF(AI61>MAX(AI$33:AI$56),VLOOKUP(MAX(AI$33:AI$56),AI$33:AK$56,2,FALSE),VLOOKUP(AJ61,AI$33:AK$56,2,FALSE))) -> 0 | AK62: =IF(AI61<MIN(AI$33:AI$56),VLOOKUP(MIN(AI$33:AI$56),AI$33:AK$56,2,FALSE),IF(AI61>MAX(AI$33:AI$56),VLOOKUP(MAX(AI$33:AI$56),AI$33:AK$56,2,FALSE),VLOOKUP(AK61,AI33:AK56,2,FALSE))) -> 0 | AL62: =IF($AG$89<$AH$89,AM62,AN62) -> 0.153 | AM62: =IF(AL61<MIN(AL$33:AL$56),VLOOKUP(MIN(AL$33:AL$56),AL$33:AN$56,2,FALSE),IF(AL61>MAX(AL$33:AL$56),VLOOKUP(MAX(AL$33:AL$56),AL$33:AN$56,2,FALSE),VLOOKUP(AM61,AL$33:AN$56,2,FALSE))) -> 0.153 | AN62: =IF(AL61<MIN(AL$33:AL$56),VLOOKUP(MIN(AL$33:AL$56),AL$33:AN$56,2,FALSE),IF(AL61>MAX(AL$33:AL$56),VLOOKUP(MAX(AL$33:AL$56),AL$33:AN$56,2,FALSE),VLOOKUP(AN61,AL33:AN56,2,FALSE))) -> 0.153 | AO62: =IF($AG$89<$AH$89,AP62,AQ62) -> -0.2 | AP62: =IF(AO61<MIN(AO$33:AO$56),VLOOKUP(MIN(AO$33:AO$56),AO$33:AQ$56,2,FALSE),IF(AO61>MAX(AO$33:AO$56),VLOOKUP(MAX(AO$33:AO$56),AO$33:AQ$56,2,FALSE),VLOOKUP(AP61,AO$33:AQ$56,2,FALSE))) -> -0.2 | AQ62: =IF(AO61<MIN(AO$33:AO$56),VLOOKUP(MIN(AO$33:AO$56),AO$33:AQ$56,2,FALSE),IF(AO61>MAX(AO$33:AO$56),VLOOKUP(MAX(AO$33:AO$56),AO$33:AQ$56,2,FALSE),VLOOKUP(AQ61,AO33:AQ56,2,FALSE))) -> -0.2 | AR62: =IF($AG$89<$AH$89,AS62,AT62) -> -0.1 | AS62: =IF(AR61<MIN(AR$33:AR$56),VLOOKUP(MIN(AR$33:AR$56),AR$33:AT$56,2,FALSE),IF(AR61>MAX(AR$33:AR$56),VLOOKUP(MAX(AR$33:AR$56),AR$33:AT$56,2,FALSE),VLOOKUP(AS61,AR$33:AT$56,2,FALSE))) -> -0.1 | AT62: =IF(AR61<MIN(AR$33:AR$56),VLOOKUP(MIN(AR$33:AR$56),AR$33:AT$56,2,FALSE),IF(AR61>MAX(AR$33:AR$56),VLOOKUP(MAX(AR$33:AR$56),AR$33:AT$56,2,FALSE),VLOOKUP(AT61,AR33:AT56,2,FALSE))) -> -0.1 | AU62: =IF($AG$89<$AH$89,AV62,AW62) -> 0.03 | AV62: =IF(AU61<MIN(AU$33:AU$56),VLOOKUP(MIN(AU$33:AU$56),AU$33:AW$56,2,FALSE),IF(AU61>MAX(AU$33:AU$56),VLOOKUP(MAX(AU$33:AU$56),AU$33:AW$56,2,FALSE),VLOOKUP(AV61,AU$33:AW$56,2,FALSE))) -> 0.03 | AW62: =IF(AU61<MIN(AU$33:AU$56),VLOOKUP(MIN(AU$33:AU$56),AU$33:AW$56,2,FALSE),IF(AU61>MAX(AU$33:AU$56),VLOOKUP(MAX(AU$33:AU$56),AU$33:AW$56,2,FALSE),VLOOKUP(AW61,AU33:AW56,2,FALSE))) -> 0.03 | AX62: =IF($AG$89<$AH$89,AY62,AZ62) -> 0.07 | AY62: =IF(AX61<MIN(AX$33:AX$56),VLOOKUP(MIN(AX$33:AX$56),AX$33:AZ$56,2,FALSE),IF(AX61>MAX(AX$33:AX$56),VLOOKUP(MAX(AX$33:AX$56),AX$33:AZ$56,2,FALSE),VLOOKUP(AY61,AX$33:AZ$56,2,FALSE))) -> 0.07 | AZ62: =IF(AX61<MIN(AX$33:AX$56),VLOOKUP(MIN(AX$33:AX$56),AX$33:AZ$56,2,FALSE),IF(AX61>MAX(AX$33:AX$56),VLOOKUP(MAX(AX$33:AX$56),AX$33:AZ$56,2,FALSE),VLOOKUP(AZ61,AX33:AZ56,2,FALSE))) -> 0.07
A63: U | B63: =IF(B61="","0",IF($C$89<$D$89,$C$63,$D$63)) -> 0 | C63: =IF(B61<MIN(B$33:B$56),VLOOKUP(MIN(B$33:B$56),B$33:D$56,3,FALSE),IF(B61>MAX(B$33:B$56),VLOOKUP(MAX(B$33:B$56),B$33:D$56,3,FALSE),VLOOKUP(C61,B$33:D$56,3,FALSE))) -> 0.042 | D63: =IF(B61<MIN(B$33:B$56),VLOOKUP(MIN(B$33:B$56),B$33:D$56,3,FALSE),IF(B61>MAX(B$33:B$56),VLOOKUP(MAX(B$33:B$56),B$33:D$56,3,FALSE),VLOOKUP(D61,B$33:D$56,3,FALSE))) -> 0.042 | E63: =IF(E61="","0",IF(F89<G89,F63,G63)) -> 0 | F63: =IF(E61<MIN(E$33:E$56),VLOOKUP(MIN(E$33:E$56),E$33:G$56,3,FALSE),IF(E61>MAX(E$33:E$56),VLOOKUP(MAX(E$33:E$56),E$33:G$56,3,FALSE),VLOOKUP(F61,E$33:G$56,3,FALSE))) -> 0.031 | G63: =IF(E61<MIN(E$33:E$56),VLOOKUP(MIN(E$33:E$56),E$33:G$56,3,FALSE),IF(E61>MAX(E$33:E$56),VLOOKUP(MAX(E$33:E$56),E$33:G$56,3,FALSE),VLOOKUP(G61,E$33:G$56,3,FALSE))) -> 0.031 | H63: =IF(H61="","0",IF(I89<J89,I63,J63)) -> 0 | I63: =IF(H61<MIN(H$33:H$56),VLOOKUP(MIN(H$33:H$56),H$33:J$56,3,FALSE),IF(H61>MAX(H$33:H$56),VLOOKUP(MAX(H$33:H$56),H$33:J$56,3,FALSE),VLOOKUP(I61,H$33:J$56,3,FALSE))) -> 0.11 | J63: =IF(H61<MIN(H$33:H$56),VLOOKUP(MIN(H$33:H$56),H$33:J$56,3,FALSE),IF(H61>MAX(H$33:H$56),VLOOKUP(MAX(H$33:H$56),H$33:J$56,3,FALSE),VLOOKUP(J61,H$33:J$56,3,FALSE))) -> 0.11 | K63: =IF(K61="","0",IF(L89<M89,L63,M63)) -> 0 | L63: =IF(K61<MIN(K$33:K$56),VLOOKUP(MIN(K$33:K$56),K$33:M$56,3,FALSE),IF(K61>MAX(K$33:K$56),VLOOKUP(MAX(K$33:K$56),K$33:M$56,3,FALSE),VLOOKUP(L61,K$33:M$56,3,FALSE))) -> 0.54 | M63: =IF(K61<MIN(K$33:K$56),VLOOKUP(MIN(K$33:K$56),K$33:M$56,3,FALSE),IF(K61>MAX(K$33:K$56),VLOOKUP(MAX(K$33:K$56),K$33:M$56,3,FALSE),VLOOKUP(M61,K$33:M$56,3,FALSE))) -> 0.54 | N63: =IF(N61="","0",IF(O89<P89,O63,P63)) -> 0 | O63: =IF(N61<MIN(N$33:N$56),VLOOKUP(MIN(N$33:N$56),N$33:P$56,3,FALSE),IF(N61>MAX(N$33:N$56),VLOOKUP(MAX(N$33:N$56),N$33:P$56,3,FALSE),VLOOKUP(O61,N$33:P$56,3,FALSE))) -> 0.021 | P63: =IF(N61<MIN(N$33:N$56),VLOOKUP(MIN(N$33:N$56),N$33:P$56,3,FALSE),IF(N61>MAX(N$33:N$56),VLOOKUP(MAX(N$33:N$56),N$33:P$56,3,FALSE),VLOOKUP(P61,N$33:P$56,3,FALSE))) -> 0.021 | Q63: =IF(Q61="","0",IF(R89<S89,R63,S63)) -> 0 | R63: =IF(Q61<MIN(Q$33:Q$56),VLOOKUP(MIN(Q$33:Q$56),Q$33:S$56,3,FALSE),IF(Q61>MAX(Q$33:Q$56),VLOOKUP(MAX(Q$33:Q$56),Q$33:S$56,3,FALSE),VLOOKUP(R61,Q$33:S$56,3,FALSE))) -> 0.062 | S63: =IF(Q61<MIN(Q$33:Q$56),VLOOKUP(MIN(Q$33:Q$56),Q$33:S$56,3,FALSE),IF(Q61>MAX(Q$33:Q$56),VLOOKUP(MAX(Q$33:Q$56),Q$33:S$56,3,FALSE),VLOOKUP(S61,Q$33:S$56,3,FALSE))) -> 0.062 | T63: =IF(T61="","0",IF(U89<V89,U63,V63)) -> 0 | U63: =IF(T61<MIN(T$33:T$56),VLOOKUP(MIN(T$33:T$56),T$33:V$56,3,FALSE),IF(T61>MAX(T$33:T$56),VLOOKUP(MAX(T$33:T$56),T$33:V$56,3,FALSE),VLOOKUP(U61,T$33:V$56,3,FALSE))) -> 0.142 | V63: =IF(T61<MIN(T$33:T$56),VLOOKUP(MIN(T$33:T$56),T$33:V$56,3,FALSE),IF(T61>MAX(T$33:T$56),VLOOKUP(MAX(T$33:T$56),T$33:V$56,3,FALSE),VLOOKUP(V61,T$33:V$56,3,FALSE))) -> 0.142 | W63: =IF(W61<=MIN(W$33:W$56),VLOOKUP(MIN(W$33:W$56),W$33:Y$56,3,FALSE),IF(W61>=MAX(W$33:W$56),VLOOKUP(MAX(W$33:W$56),W$33:Y$56,3,FALSE),X63+((#REF!-X61)/(Y61-X61))*(Y63-X63))) -> #N/A | X63: =IF(W61<MIN(W$33:W$56),VLOOKUP(MIN(W$33:W$56),W$33:Y$56,3,FALSE),IF(W61>MAX(W$33:W$56),VLOOKUP(MAX(W$33:W$56),W$33:Y$56,3,FALSE),VLOOKUP(X61,W$33:Y$56,3,FALSE))) -> #N/A | Y63: =IF(W61<MIN(W$33:W$56),VLOOKUP(MIN(W$33:W$56),W$33:Y$56,3,FALSE),IF(W61>MAX(W$33:W$56),VLOOKUP(MAX(W$33:W$56),W$33:Y$56,3,FALSE),VLOOKUP(Y61,W$33:Y$56,3,FALSE))) -> #N/A | Z63: =IF(Z61="","0",IF(AA89<AB89,AA63,AB63)) -> 0 | AA63: =IF(Z61<MIN(Z$33:Z$56),VLOOKUP(MIN(Z$33:Z$56),Z$33:AB$56,3,FALSE),IF(Z61>MAX(Z$33:Z$56),VLOOKUP(MAX(Z$33:Z$56),Z$33:AB$56,3,FALSE),VLOOKUP(AA61,Z$33:AB$56,3,FALSE))) -> 0.13 | AB63: =IF(Z61<MIN(Z$33:Z$56),VLOOKUP(MIN(Z$33:Z$56),Z$33:AB$56,3,FALSE),IF(Z61>MAX(Z$33:Z$56),VLOOKUP(MAX(Z$33:Z$56),Z$33:AB$56,3,FALSE),VLOOKUP(AB61,Z$33:AB$56,3,FALSE))) -> 0.13 | AC63: =IF(AC61="","0",IF(AD89<AE89,AD63,AE63)) -> 0 | AD63: =IF(AC61<MIN(AC$33:AC$56),VLOOKUP(MIN(AC$33:AC$56),AC$33:AE$56,3,FALSE),IF(AC61>MAX(AC$33:AC$56),VLOOKUP(MAX(AC$33:AC$56),AC$33:AE$56,3,FALSE),VLOOKUP(AD61,AC$33:AE$56,3,FALSE))) -> 0.13 | AE63: =IF(AC61<MIN(AC$33:AC$56),VLOOKUP(MIN(AC$33:AC$56),AC$33:AE$56,3,FALSE),IF(AC61>MAX(AC$33:AC$56),VLOOKUP(MAX(AC$33:AC$56),AC$33:AE$56,3,FALSE),VLOOKUP(AE61,AC$33:AE$56,3,FALSE))) -> 0.13 | AF63: =IF(AF61="","0",IF(AG89<AH89,AG63,AH63)) -> 0 | AG63: =IF(AF61<MIN(AF$33:AF$56),VLOOKUP(MIN(AF$33:AF$56),AF$33:AH$56,3,FALSE),IF(AF61>MAX(AF$33:AF$56),VLOOKUP(MAX(AF$33:AF$56),AF$33:AH$56,3,FALSE),VLOOKUP(AG61,AF$33:AH$56,3,FALSE))) -> 0.13 | AH63: =IF(AF61<MIN(AF$33:AF$56),VLOOKUP(MIN(AF$33:AF$56),AF$33:AH$56,3,FALSE),IF(AF61>MAX(AF$33:AF$56),VLOOKUP(MAX(AF$33:AF$56),AF$33:AH$56,3,FALSE),VLOOKUP(AH61,AF$33:AH$56,3,FALSE))) -> 0.13 | AI63: =IF(AI61="","0",IF(AJ89<AK89,AJ63,AK63)) -> 0 | AJ63: =IF(AI61<MIN(AI$33:AI$56),VLOOKUP(MIN(AI$33:AI$56),AI$33:AK$56,3,FALSE),IF(AI61>MAX(AI$33:AI$56),VLOOKUP(MAX(AI$33:AI$56),AI$33:AK$56,3,FALSE),VLOOKUP(AJ61,AI$33:AK$56,3,FALSE))) -> 0.13 | AK63: =IF(AI61<MIN(AI$33:AI$56),VLOOKUP(MIN(AI$33:AI$56),AI$33:AK$56,3,FALSE),IF(AI61>MAX(AI$33:AI$56),VLOOKUP(MAX(AI$33:AI$56),AI$33:AK$56,3,FALSE),VLOOKUP(AK61,AI$33:AK$56,3,FALSE))) -> 0.13 | AL63: =IF(AL61="","0",IF(AM89<AN89,AM63,AN63)) -> 0 | AM63: =IF(AL61<MIN(AL$33:AL$56),VLOOKUP(MIN(AL$33:AL$56),AL$33:AN$56,3,FALSE),IF(AL61>MAX(AL$33:AL$56),VLOOKUP(MAX(AL$33:AL$56),AL$33:AN$56,3,FALSE),VLOOKUP(AM61,AL$33:AN$56,3,FALSE))) -> 0.153 | AN63: =IF(AL61<MIN(AL$33:AL$56),VLOOKUP(MIN(AL$33:AL$56),AL$33:AN$56,3,FALSE),IF(AL61>MAX(AL$33:AL$56),VLOOKUP(MAX(AL$33:AL$56),AL$33:AN$56,3,FALSE),VLOOKUP(AN61,AL$33:AN$56,3,FALSE))) -> 0.153 | AO63: =IF(AO61="","0",IF(AP89<AQ89,AP63,AQ63)) -> 0 | AP63: =IF(AO61<MIN(AO$33:AO$56),VLOOKUP(MIN(AO$33:AO$56),AO$33:AQ$56,3,FALSE),IF(AO61>MAX(AO$33:AO$56),VLOOKUP(MAX(AO$33:AO$56),AO$33:AQ$56,3,FALSE),VLOOKUP(AP61,AO$33:AQ$56,3,FALSE))) -> 0.54 | AQ63: =IF(AO61<MIN(AO$33:AO$56),VLOOKUP(MIN(AO$33:AO$56),AO$33:AQ$56,3,FALSE),IF(AO61>MAX(AO$33:AO$56),VLOOKUP(MAX(AO$33:AO$56),AO$33:AQ$56,3,FALSE),VLOOKUP(AQ61,AO$33:AQ$56,3,FALSE))) -> 0.54 | AR63: =IF(AR61="","0",IF(AS89<AT89,AS63,AT63)) -> 0 | AS63: =IF(AR61<MIN(AR$33:AR$56),VLOOKUP(MIN(AR$33:AR$56),AR$33:AT$56,3,FALSE),IF(AR61>MAX(AR$33:AR$56),VLOOKUP(MAX(AR$33:AR$56),AR$33:AT$56,3,FALSE),VLOOKUP(AS61,AR$33:AT$56,3,FALSE))) -> 0.54 | AT63: =IF(AR61<MIN(AR$33:AR$56),VLOOKUP(MIN(AR$33:AR$56),AR$33:AT$56,3,FALSE),IF(AR61>MAX(AR$33:AR$56),VLOOKUP(MAX(AR$33:AR$56),AR$33:AT$56,3,FALSE),VLOOKUP(AT61,AR$33:AT$56,3,FALSE))) -> 0.54 | AU63: =IF(AU61="","0",IF(AV89<AW89,AV63,AW63)) -> 0 | AV63: =IF(AU61<MIN(AU$33:AU$56),VLOOKUP(MIN(AU$33:AU$56),AU$33:AW$56,3,FALSE),IF(AU61>MAX(AU$33:AU$56),VLOOKUP(MAX(AU$33:AU$56),AU$33:AW$56,3,FALSE),VLOOKUP(AV61,AU$33:AW$56,3,FALSE))) -> 0.1 | AW63: =IF(AU61<MIN(AU$33:AU$56),VLOOKUP(MIN(AU$33:AU$56),AU$33:AW$56,3,FALSE),IF(AU61>MAX(AU$33:AU$56),VLOOKUP(MAX(AU$33:AU$56),AU$33:AW$56,3,FALSE),VLOOKUP(AW61,AU$33:AW$56,3,FALSE))) -> 0.1 | AX63: =IF(AX61="","0",IF(AY89<AZ89,AY63,AZ63)) -> 0 | AY63: =IF(AX61<MIN(AX$33:AX$56),VLOOKUP(MIN(AX$33:AX$56),AX$33:AZ$56,3,FALSE),IF(AX61>MAX(AX$33:AX$56),VLOOKUP(MAX(AX$33:AX$56),AX$33:AZ$56,3,FALSE),VLOOKUP(AY61,AX$33:AZ$56,3,FALSE))) -> 0.1 | AZ63: =IF(AX61<MIN(AX$33:AX$56),VLOOKUP(MIN(AX$33:AX$56),AX$33:AZ$56,3,FALSE),IF(AX61>MAX(AX$33:AX$56),VLOOKUP(MAX(AX$33:AX$56),AX$33:AZ$56,3,FALSE),VLOOKUP(AZ61,AX$33:AZ$56,3,FALSE))) -> 0.1
A64: 3 | B64: =IF('datos crudos'!$P$27="","",'datos crudos'!$P$27) | C64: =IF(B64<MIN(B$33:B$56),MIN(B$33:B$56),IF(B64>MAX(B$33:B$56),MAX(B$33:B$56),INDEX(B$33:B$56,VLOOKUP(B64,B$33:$BA$56,COLUMNS(B$3:$BA$3),TRUE),1))) -> 399.317 | D64: =IF(B64<MIN(B$33:B$56),MIN(B$33:B$56),IF(B64>MAX(B$33:B$56),MAX(B$33:B$56),INDEX(B$33:B$56,VLOOKUP(B64,B$33:$BA$56,COLUMNS(B$3:$BA$3),TRUE)+1,1))) -> 399.317 | E64: =B64 | F64: =IF(E64<MIN(E$33:E$56),MIN(E$33:E$56),IF(E64>MAX(E$33:E$56),MAX(E$33:E$56),INDEX(E$33:E$56,VLOOKUP(E64,E$33:$BA$56,COLUMNS(E$3:$BA$3),TRUE),1))) -> 270.4 | G64: =IF(E64<MIN(E$33:E$56),MIN(E$33:E$56),IF(E64>MAX(E$33:E$56),MAX(E$33:E$56),INDEX(E$33:E$56,VLOOKUP(E64,E$33:$BA$56,COLUMNS(E$3:$BA$3),TRUE)+1,1))) -> 270.4 | H64: =B64 | I64: =IF(H64<MIN(H$33:H$56),MIN(H$33:H$56),IF(H64>MAX(H$33:H$56),MAX(H$33:H$56),INDEX(H$33:H$56,VLOOKUP(H64,H$33:$BA$56,COLUMNS(H$3:$BA$3),TRUE),1))) -> 400 | J64: =IF(H64<MIN(H$33:H$56),MIN(H$33:H$56),IF(H64>MAX(H$33:H$56),MAX(H$33:H$56),INDEX(H$33:H$56,VLOOKUP(H64,H$33:$BA$56,COLUMNS(H$3:$BA$3),TRUE)+1,1))) -> 400 | K64: =E64 | L64: =IF(K64<MIN(K$33:K$56),MIN(K$33:K$56),IF(K64>MAX(K$33:K$56),MAX(K$33:K$56),INDEX(K$33:K$56,VLOOKUP(K64,K$33:$BA$56,COLUMNS(K$3:$BA$3),TRUE),1))) -> 139.2 | M64: =IF(K64<MIN(K$33:K$56),MIN(K$33:K$56),IF(K64>MAX(K$33:K$56),MAX(K$33:K$56),INDEX(K$33:K$56,VLOOKUP(K64,K$33:$BA$56,COLUMNS(K$3:$BA$3),TRUE)+1,1))) -> 139.2 | N64: =B64 | O64: =IF(N64<MIN(N$33:N$56),MIN(N$33:N$56),IF(N64>MAX(N$33:N$56),MAX(N$33:N$56),INDEX(N$33:N$56,VLOOKUP(N64,N$33:$BA$56,COLUMNS(N$3:$BA$3),TRUE),1))) -> 398.867 | P64: =IF(N64<MIN(N$33:N$56),MIN(N$33:N$56),IF(N64>MAX(N$33:N$56),MAX(N$33:N$56),INDEX(N$33:N$56,VLOOKUP(N64,N$33:$BA$56,COLUMNS(N$3:$BA$3),TRUE)+1,1))) -> 398.867 | Q64: =E64 | R64: =IF(Q64<MIN(Q$33:Q$56),MIN(Q$33:Q$56),IF(Q64>MAX(Q$33:Q$56),MAX(Q$33:Q$56),INDEX(Q$33:Q$56,VLOOKUP(Q64,Q$33:$BA$56,COLUMNS(Q$3:$BA$3),TRUE),1))) -> 399.16 | S64: =IF(Q64<MIN(Q$33:Q$56),MIN(Q$33:Q$56),IF(Q64>MAX(Q$33:Q$56),MAX(Q$33:Q$56),INDEX(Q$33:Q$56,VLOOKUP(Q64,Q$33:$BA$56,COLUMNS(Q$3:$BA$3),TRUE)+1,1))) -> 399.16 | T64: =H64 | U64: =IF(T64<MIN(T$33:T$56),MIN(T$33:T$56),IF(T64>MAX(T$33:T$56),MAX(T$33:T$56),INDEX(T$33:T$56,VLOOKUP(T64,T$33:$BA$56,COLUMNS(T$3:$BA$3),TRUE),1))) -> 100.1 | V64: =IF(T64<MIN(T$33:T$56),MIN(T$33:T$56),IF(T64>MAX(T$33:T$56),MAX(T$33:T$56),INDEX(T$33:T$56,VLOOKUP(T64,T$33:$BA$56,COLUMNS(T$3:$BA$3),TRUE)+1,1))) -> 100.1 | W64: =B64 | X64: =IF(W64<MIN(W$33:W$56),MIN(W$33:W$56),IF(W64>MAX(W$33:W$56),MAX(W$33:W$56),INDEX(W$33:W$56,VLOOKUP(W64,W$33:$BA$56,COLUMNS(W$3:$BA$3),TRUE),1))) -> #N/A | Y64: =IF(W64<MIN(W$33:W$56),MIN(W$33:W$56),IF(W64>MAX(W$33:W$56),MAX(W$33:W$56),INDEX(W$33:W$56,VLOOKUP(W64,W$33:$BA$56,COLUMNS(W$3:$BA$3),TRUE)+1,1))) -> #N/A | Z64: =B64 | AA64: =IF(Z64<MIN(Z$33:Z$56),MIN(Z$33:Z$56),IF(Z64>MAX(Z$33:Z$56),MAX(Z$33:Z$56),INDEX(Z$33:Z$56,VLOOKUP(Z64,Z$33:$BA$56,COLUMNS(Z$3:$BA$3),TRUE),1))) -> 139.87 | AB64: =IF(Z64<MIN(Z$33:Z$56),MIN(Z$33:Z$56),IF(Z64>MAX(Z$33:Z$56),MAX(Z$33:Z$56),INDEX(Z$33:Z$56,VLOOKUP(Z64,Z$33:$BA$56,COLUMNS(Z$3:$BA$3),TRUE)+1,1))) -> 139.87 | AC64: =B64 | AD64: =IF(AC64<MIN(AC$33:AC$56),MIN(AC$33:AC$56),IF(AC64>MAX(AC$33:AC$56),MAX(AC$33:AC$56),INDEX(AC$33:AC$56,VLOOKUP(AC64,AC$33:$BA$56,COLUMNS(AC$3:$BA$3),TRUE),1))) -> 139.87 | AE64: =IF(AC64<MIN(AC$33:AC$56),MIN(AC$33:AC$56),IF(AC64>MAX(AC$33:AC$56),MAX(AC$33:AC$56),INDEX(AC$33:AC$56,VLOOKUP(AC64,AC$33:$BA$56,COLUMNS(AC$3:$BA$3),TRUE)+1,1))) -> 139.87 | AF64: =B64 | AG64: =IF(AF64<MIN(AF$33:AF$56),MIN(AF$33:AF$56),IF(AF64>MAX(AF$33:AF$56),MAX(AF$33:AF$56),INDEX(AF$33:AF$56,VLOOKUP(AF64,AF$33:$BA$56,COLUMNS(AF$3:$BA$3),TRUE),1))) -> 139.87 | AH64: =IF(AF64<MIN(AF$33:AF$56),MIN(AF$33:AF$56),IF(AF64>MAX(AF$33:AF$56),MAX(AF$33:AF$56),INDEX(AF$33:AF$56,VLOOKUP(AF64,AF$33:$BA$56,COLUMNS(AF$3:$BA$3),TRUE)+1,1))) -> 139.87 | AI64: =E64 | AJ64: =IF(AI64<MIN(AI$33:AI$56),MIN(AI$33:AI$56),IF(AI64>MAX(AI$33:AI$56),MAX(AI$33:AI$56),INDEX(AI$33:AI$56,VLOOKUP(AI64,AI$33:$BA$56,COLUMNS(AI$3:$BA$3),TRUE),1))) -> 139.88 | AK64: =IF(AI64<MIN(AI$33:AI$56),MIN(AI$33:AI$56),IF(AI64>MAX(AI$33:AI$56),MAX(AI$33:AI$56),INDEX(AI$33:AI$56,VLOOKUP(AI64,AI$33:$BA$56,COLUMNS(AI$3:$BA$3),TRUE)+1,1))) -> 139.88 | AL64: =H64 | AM64: =IF(AL64<MIN(AL$33:AL$56),MIN(AL$33:AL$56),IF(AL64>MAX(AL$33:AL$56),MAX(AL$33:AL$56),INDEX(AL$33:AL$56,VLOOKUP(AL64,AL$33:$BA$56,COLUMNS(AL$3:$BA$3),TRUE),1))) -> 300.2 | AN64: =IF(AL64<MIN(AL$33:AL$56),MIN(AL$33:AL$56),IF(AL64>MAX(AL$33:AL$56),MAX(AL$33:AL$56),INDEX(AL$33:AL$56,VLOOKUP(AL64,AL$33:$BA$56,COLUMNS(AL$3:$BA$3),TRUE)+1,1))) -> 300.2 | AO64: =K64 | AP64: =IF(AO64<MIN(AO$33:AO$56),MIN(AO$33:AO$56),IF(AO64>MAX(AO$33:AO$56),MAX(AO$33:AO$56),INDEX(AO$33:AO$56,VLOOKUP(AO64,AO$33:$BA$56,COLUMNS(AO$3:$BA$3),TRUE),1))) -> 139.8 | AQ64: =IF(AO64<MIN(AO$33:AO$56),MIN(AO$33:AO$56),IF(AO64>MAX(AO$33:AO$56),MAX(AO$33:AO$56),INDEX(AO$33:AO$56,VLOOKUP(AO64,AO$33:$BA$56,COLUMNS(AO$3:$BA$3),TRUE)+1,1))) -> 139.8 | AR64: =N64 | AS64: =IF(AR64<MIN(AR$33:AR$56),MIN(AR$33:AR$56),IF(AR64>MAX(AR$33:AR$56),MAX(AR$33:AR$56),INDEX(AR$33:AR$56,VLOOKUP(AR64,AR$33:$BA$56,COLUMNS(AR$3:$BA$3),TRUE),1))) -> 139.9 | AT64: =IF(AR64<MIN(AR$33:AR$56),MIN(AR$33:AR$56),IF(AR64>MAX(AR$33:AR$56),MAX(AR$33:AR$56),INDEX(AR$33:AR$56,VLOOKUP(AR64,AR$33:$BA$56,COLUMNS(AR$3:$BA$3),TRUE)+1,1))) -> 139.9 | AU64: =Q64 | AV64: =IF(AU64<MIN(AU$33:AU$56),MIN(AU$33:AU$56),IF(AU64>MAX(AU$33:AU$56),MAX(AU$33:AU$56),INDEX(AU$33:AU$56,VLOOKUP(AU64,AU$33:$BA$56,COLUMNS(AU$3:$BA$3),TRUE),1))) -> 40.33 | AW64: =IF(AU64<MIN(AU$33:AU$56),MIN(AU$33:AU$56),IF(AU64>MAX(AU$33:AU$56),MAX(AU$33:AU$56),INDEX(AU$33:AU$56,VLOOKUP(AU64,AU$33:$BA$56,COLUMNS(AU$3:$BA$3),TRUE)+1,1))) -> 40.33 | AX64: =Q64 | AY64: =IF(AX64<MIN(AX$33:AX$56),MIN(AX$33:AX$56),IF(AX64>MAX(AX$33:AX$56),MAX(AX$33:AX$56),INDEX(AX$33:AX$56,VLOOKUP(AX64,AX$33:$BA$56,COLUMNS(AX$3:$BA$3),TRUE),1))) -> 36.67 | AZ64: =IF(AX64<MIN(AX$33:AX$56),MIN(AX$33:AX$56),IF(AX64>MAX(AX$33:AX$56),MAX(AX$33:AX$56),INDEX(AX$33:AX$56,VLOOKUP(AX64,AX$33:$BA$56,COLUMNS(AX$3:$BA$3),TRUE)+1,1))) -> 36.67
A65: E | B65: =IF(C90<D90,C65,D65) -> 0.547 | C65: =IF(B64<MIN(B$33:B$56),VLOOKUP(MIN(B$33:B$56),B$33:D$56,2,FALSE),IF(B64>MAX(B$33:B$56),VLOOKUP(MAX(B$33:B$56),B$33:D$56,2,FALSE),VLOOKUP(C64,B$33:D$56,2,FALSE))) -> 0.547 | D65: =IF(B64<MIN(B$33:B$56),VLOOKUP(MIN(B$33:B$56),B$33:D$56,2,FALSE),IF(B64>MAX(B$33:B$56),VLOOKUP(MAX(B$33:B$56),B$33:D$56,2,FALSE),VLOOKUP(D64,B33:D56,2,FALSE))) -> 0.547 | E65: =IF($F$90<$G$90,$F$65,$G$65) -> 0.288 | F65: =IF(E64<MIN(E$33:E$56),VLOOKUP(MIN(E$33:E$56),E$33:G$56,2,FALSE),IF(E64>MAX(E$33:E$56),VLOOKUP(MAX(E$33:E$56),E$33:G$56,2,FALSE),VLOOKUP(F64,E$33:G$56,2,FALSE))) -> 0.288 | G65: =IF(E64<MIN(E$33:E$56),VLOOKUP(MIN(E$33:E$56),E$33:G$56,2,FALSE),IF(E64>MAX(E$33:E$56),VLOOKUP(MAX(E$33:E$56),E$33:G$56,2,FALSE),VLOOKUP(G64,E33:G56,2,FALSE))) -> 0.288 | H65: =IF(I90<J90,I65,J65) -> 0.032 | I65: =IF(H64<MIN(H$33:H$56),VLOOKUP(MIN(H$33:H$56),H$33:J$56,2,FALSE),IF(H64>MAX(H$33:H$56),VLOOKUP(MAX(H$33:H$56),H$33:J$56,2,FALSE),VLOOKUP(I64,H$33:J$56,2,FALSE))) -> 0.032 | J65: =IF(H64<MIN(H$33:H$56),VLOOKUP(MIN(H$33:H$56),H$33:J$56,2,FALSE),IF(H64>MAX(H$33:H$56),VLOOKUP(MAX(H$33:H$56),H$33:J$56,2,FALSE),VLOOKUP(J64,H33:J56,2,FALSE))) -> 0.032 | K65: =IF(L90<M90,L65,M65) -> -0.8 | L65: =IF(K64<MIN(K$33:K$56),VLOOKUP(MIN(K$33:K$56),K$33:M$56,2,FALSE),IF(K64>MAX(K$33:K$56),VLOOKUP(MAX(K$33:K$56),K$33:M$56,2,FALSE),VLOOKUP(L64,K$33:M$56,2,FALSE))) -> -0.8 | M65: =IF(K64<MIN(K$33:K$56),VLOOKUP(MIN(K$33:K$56),K$33:M$56,2,FALSE),IF(K64>MAX(K$33:K$56),VLOOKUP(MAX(K$33:K$56),K$33:M$56,2,FALSE),VLOOKUP(M64,K33:M56,2,FALSE))) -> -0.8 | N65: =IF(O90<P90,O65,P65) -> 0.5363 | O65: =IF(N64<MIN(N$33:N$56),VLOOKUP(MIN(N$33:N$56),N$33:P$56,2,FALSE),IF(N64>MAX(N$33:N$56),VLOOKUP(MAX(N$33:N$56),N$33:P$56,2,FALSE),VLOOKUP(O64,N$33:P$56,2,FALSE))) -> 0.5363 | P65: =IF(N64<MIN(N$33:N$56),VLOOKUP(MIN(N$33:N$56),N$33:P$56,2,FALSE),IF(N64>MAX(N$33:N$56),VLOOKUP(MAX(N$33:N$56),N$33:P$56,2,FALSE),VLOOKUP(P64,N33:P56,2,FALSE))) -> 0.5363 | Q65: =IF(R90<S90,R65,S65) -> -1.025 | R65: =IF(Q64<MIN(Q$33:Q$56),VLOOKUP(MIN(Q$33:Q$56),Q$33:S$56,2,FALSE),IF(Q64>MAX(Q$33:Q$56),VLOOKUP(MAX(Q$33:Q$56),Q$33:S$56,2,FALSE),VLOOKUP(R64,Q$33:S$56,2,FALSE))) -> -1.025 | S65: =IF(Q64<MIN(Q$33:Q$56),VLOOKUP(MIN(Q$33:Q$56),Q$33:S$56,2,FALSE),IF(Q64>MAX(Q$33:Q$56),VLOOKUP(MAX(Q$33:Q$56),Q$33:S$56,2,FALSE),VLOOKUP(S64,Q33:S56,2,FALSE))) -> -1.025 | T65: =IF(U90<V90,U65,V65) -> 0.19 | U65: =IF(T64<MIN(T$33:T$56),VLOOKUP(MIN(T$33:T$56),T$33:V$56,2,FALSE),IF(T64>MAX(T$33:T$56),VLOOKUP(MAX(T$33:T$56),T$33:V$56,2,FALSE),VLOOKUP(U64,T$33:V$56,2,FALSE))) -> 0.19 | V65: =IF(T64<MIN(T$33:T$56),VLOOKUP(MIN(T$33:T$56),T$33:V$56,2,FALSE),IF(T64>MAX(T$33:T$56),VLOOKUP(MAX(T$33:T$56),T$33:V$56,2,FALSE),VLOOKUP(V64,T33:V56,2,FALSE))) -> 0.19 | W65: =IF(W64<=MIN(W$33:W$56),VLOOKUP(MIN(W$33:W$56),W$33:Y$56,2,FALSE),IF(W64>=MAX(W$33:W$56),VLOOKUP(MAX(W$33:W$56),W$33:Y$56,2,FALSE),X65+((#REF!-X64)/(Y64-X64))*(Y65-X65))) -> #N/A | X65: =IF(W64<MIN(W$33:W$56),VLOOKUP(MIN(W$33:W$56),W$33:Y$56,2,FALSE),IF(W64>MAX(W$33:W$56),VLOOKUP(MAX(W$33:W$56),W$33:Y$56,2,FALSE),VLOOKUP(X64,W$33:Y$56,2,FALSE))) -> #N/A | Y65: =IF(W64<MIN(W$33:W$56),VLOOKUP(MIN(W$33:W$56),W$33:Y$56,2,FALSE),IF(W64>MAX(W$33:W$56),VLOOKUP(MAX(W$33:W$56),W$33:Y$56,2,FALSE),VLOOKUP(Y64,W33:Y56,2,FALSE))) -> #N/A | Z65: =IF($AA$90<$AB$90,AA65,AB65) -> 0 | AA65: =IF(Z64<MIN(Z$33:Z$56),VLOOKUP(MIN(Z$33:Z$56),Z$33:AB$56,2,FALSE),IF(Z64>MAX(Z$33:Z$56),VLOOKUP(MAX(Z$33:Z$56),Z$33:AB$56,2,FALSE),VLOOKUP(AA64,Z$33:AB$56,2,FALSE))) -> 0 | AB65: =IF(Z64<MIN(Z$33:Z$56),VLOOKUP(MIN(Z$33:Z$56),Z$33:AB$56,2,FALSE),IF(Z64>MAX(Z$33:Z$56),VLOOKUP(MAX(Z$33:Z$56),Z$33:AB$56,2,FALSE),VLOOKUP(AB64,Z33:AB56,2,FALSE))) -> 0 | AC65: =IF($AD$90<$AE$90,AD65,AE65) -> 0 | AD65: =IF(AC64<MIN(AC$33:AC$56),VLOOKUP(MIN(AC$33:AC$56),AC$33:AE$56,2,FALSE),IF(AC64>MAX(AC$33:AC$56),VLOOKUP(MAX(AC$33:AC$56),AC$33:AE$56,2,FALSE),VLOOKUP(AD64,AC$33:AE$56,2,FALSE))) -> 0 | AE65: =IF(AC64<MIN(AC$33:AC$56),VLOOKUP(MIN(AC$33:AC$56),AC$33:AE$56,2,FALSE),IF(AC64>MAX(AC$33:AC$56),VLOOKUP(MAX(AC$33:AC$56),AC$33:AE$56,2,FALSE),VLOOKUP(AE64,AC33:AE56,2,FALSE))) -> 0 | AF65: =IF($AG$90<$AH$90,AG65,AH65) -> 0 | AG65: =IF(AF64<MIN(AF$33:AF$56),VLOOKUP(MIN(AF$33:AF$56),AF$33:AH$56,2,FALSE),IF(AF64>MAX(AF$33:AF$56),VLOOKUP(MAX(AF$33:AF$56),AF$33:AH$56,2,FALSE),VLOOKUP(AG64,AF$33:AH$56,2,FALSE))) -> 0 | AH65: =IF(AF64<MIN(AF$33:AF$56),VLOOKUP(MIN(AF$33:AF$56),AF$33:AH$56,2,FALSE),IF(AF64>MAX(AF$33:AF$56),VLOOKUP(MAX(AF$33:AF$56),AF$33:AH$56,2,FALSE),VLOOKUP(AH64,AF33:AH56,2,FALSE))) -> 0 | AI65: =IF($AG$90<$AH$90,AJ65,AK65) -> 0 | AJ65: =IF(AI64<MIN(AI$33:AI$56),VLOOKUP(MIN(AI$33:AI$56),AI$33:AK$56,2,FALSE),IF(AI64>MAX(AI$33:AI$56),VLOOKUP(MAX(AI$33:AI$56),AI$33:AK$56,2,FALSE),VLOOKUP(AJ64,AI$33:AK$56,2,FALSE))) -> 0 | AK65: =IF(AI64<MIN(AI$33:AI$56),VLOOKUP(MIN(AI$33:AI$56),AI$33:AK$56,2,FALSE),IF(AI64>MAX(AI$33:AI$56),VLOOKUP(MAX(AI$33:AI$56),AI$33:AK$56,2,FALSE),VLOOKUP(AK64,AI33:AK56,2,FALSE))) -> 0 | AL65: =IF($AG$90<$AH$90,AM65,AN65) -> 0.153 | AM65: =IF(AL64<MIN(AL$33:AL$56),VLOOKUP(MIN(AL$33:AL$56),AL$33:AN$56,2,FALSE),IF(AL64>MAX(AL$33:AL$56),VLOOKUP(MAX(AL$33:AL$56),AL$33:AN$56,2,FALSE),VLOOKUP(AM64,AL$33:AN$56,2,FALSE))) -> 0.153 | AN65: =IF(AL64<MIN(AL$33:AL$56),VLOOKUP(MIN(AL$33:AL$56),AL$33:AN$56,2,FALSE),IF(AL64>MAX(AL$33:AL$56),VLOOKUP(MAX(AL$33:AL$56),AL$33:AN$56,2,FALSE),VLOOKUP(AN64,AL33:AN56,2,FALSE))) -> 0.153 | AO65: =IF($AG$90<$AH$90,AP65,AQ65) -> -0.2 | AP65: =IF(AO64<MIN(AO$33:AO$56),VLOOKUP(MIN(AO$33:AO$56),AO$33:AQ$56,2,FALSE),IF(AO64>MAX(AO$33:AO$56),VLOOKUP(MAX(AO$33:AO$56),AO$33:AQ$56,2,FALSE),VLOOKUP(AP64,AO$33:AQ$56,2,FALSE))) -> -0.2 | AQ65: =IF(AO64<MIN(AO$33:AO$56),VLOOKUP(MIN(AO$33:AO$56),AO$33:AQ$56,2,FALSE),IF(AO64>MAX(AO$33:AO$56),VLOOKUP(MAX(AO$33:AO$56),AO$33:AQ$56,2,FALSE),VLOOKUP(AQ64,AO33:AQ56,2,FALSE))) -> -0.2 | AR65: =IF($AG$90<$AH$90,AS65,AT65) -> -0.1 | AS65: =IF(AR64<MIN(AR$33:AR$56),VLOOKUP(MIN(AR$33:AR$56),AR$33:AT$56,2,FALSE),IF(AR64>MAX(AR$33:AR$56),VLOOKUP(MAX(AR$33:AR$56),AR$33:AT$56,2,FALSE),VLOOKUP(AS64,AR$33:AT$56,2,FALSE))) -> -0.1 | AT65: =IF(AR64<MIN(AR$33:AR$56),VLOOKUP(MIN(AR$33:AR$56),AR$33:AT$56,2,FALSE),IF(AR64>MAX(AR$33:AR$56),VLOOKUP(MAX(AR$33:AR$56),AR$33:AT$56,2,FALSE),VLOOKUP(AT64,AR33:AT56,2,FALSE))) -> -0.1 | AU65: =IF($AG$90<$AH$90,AV65,AW65) -> 0.03 | AV65: =IF(AU64<MIN(AU$33:AU$56),VLOOKUP(MIN(AU$33:AU$56),AU$33:AW$56,2,FALSE),IF(AU64>MAX(AU$33:AU$56),VLOOKUP(MAX(AU$33:AU$56),AU$33:AW$56,2,FALSE),VLOOKUP(AV64,AU$33:AW$56,2,FALSE))) -> 0.03 | AW65: =IF(AU64<MIN(AU$33:AU$56),VLOOKUP(MIN(AU$33:AU$56),AU$33:AW$56,2,FALSE),IF(AU64>MAX(AU$33:AU$56),VLOOKUP(MAX(AU$33:AU$56),AU$33:AW$56,2,FALSE),VLOOKUP(AW64,AU33:AW56,2,FALSE))) -> 0.03 | AX65: =IF($AG$90<$AH$90,AY65,AZ65) -> 0.07 | AY65: =IF(AX64<MIN(AX$33:AX$56),VLOOKUP(MIN(AX$33:AX$56),AX$33:AZ$56,2,FALSE),IF(AX64>MAX(AX$33:AX$56),VLOOKUP(MAX(AX$33:AX$56),AX$33:AZ$56,2,FALSE),VLOOKUP(AY64,AX$33:AZ$56,2,FALSE))) -> 0.07 | AZ65: =IF(AX64<MIN(AX$33:AX$56),VLOOKUP(MIN(AX$33:AX$56),AX$33:AZ$56,2,FALSE),IF(AX64>MAX(AX$33:AX$56),VLOOKUP(MAX(AX$33:AX$56),AX$33:AZ$56,2,FALSE),VLOOKUP(AZ64,AX33:AZ56,2,FALSE))) -> 0.07
A66: U | B66: =IF(B64="","0",IF($C$90<$D$90,$C$66,$D$66)) -> 0 | C66: =IF(B64<MIN(B$33:B$56),VLOOKUP(MIN(B$33:B$56),B$33:D$56,3,FALSE),IF(B64>MAX(B$33:B$56),VLOOKUP(MAX(B$33:B$56),B$33:D$56,3,FALSE),VLOOKUP(C64,B$33:D$56,3,FALSE))) -> 0.042 | D66: =IF(B64<MIN(B$33:B$56),VLOOKUP(MIN(B$33:B$56),B$33:D$56,3,FALSE),IF(B64>MAX(B$33:B$56),VLOOKUP(MAX(B$33:B$56),B$33:D$56,3,FALSE),VLOOKUP(D64,B$33:D$56,3,FALSE))) -> 0.042 | E66: =IF(E64="","0",IF(F90<G90,F66,G66)) -> 0 | F66: =IF(E64<MIN(E$33:E$56),VLOOKUP(MIN(E$33:E$56),E$33:G$56,3,FALSE),IF(E64>MAX(E$33:E$56),VLOOKUP(MAX(E$33:E$56),E$33:G$56,3,FALSE),VLOOKUP(F64,E$33:G$56,3,FALSE))) -> 0.031 | G66: =IF(E64<MIN(E$33:E$56),VLOOKUP(MIN(E$33:E$56),E$33:G$56,3,FALSE),IF(E64>MAX(E$33:E$56),VLOOKUP(MAX(E$33:E$56),E$33:G$56,3,FALSE),VLOOKUP(G64,E$33:G$56,3,FALSE))) -> 0.031 | H66: =IF(H64="","0",IF(I90<J90,I66,J66)) -> 0 | I66: =IF(H64<MIN(H$33:H$56),VLOOKUP(MIN(H$33:H$56),H$33:J$56,3,FALSE),IF(H64>MAX(H$33:H$56),VLOOKUP(MAX(H$33:H$56),H$33:J$56,3,FALSE),VLOOKUP(I64,H$33:J$56,3,FALSE))) -> 0.11 | J66: =IF(H64<MIN(H$33:H$56),VLOOKUP(MIN(H$33:H$56),H$33:J$56,3,FALSE),IF(H64>MAX(H$33:H$56),VLOOKUP(MAX(H$33:H$56),H$33:J$56,3,FALSE),VLOOKUP(J64,H$33:J$56,3,FALSE))) -> 0.11 | K66: =IF(K64="","0",IF(L90<M90,L66,M66)) -> 0 | L66: =IF(K64<MIN(K$33:K$56),VLOOKUP(MIN(K$33:K$56),K$33:M$56,3,FALSE),IF(K64>MAX(K$33:K$56),VLOOKUP(MAX(K$33:K$56),K$33:M$56,3,FALSE),VLOOKUP(L64,K$33:M$56,3,FALSE))) -> 0.54 | M66: =IF(K64<MIN(K$33:K$56),VLOOKUP(MIN(K$33:K$56),K$33:M$56,3,FALSE),IF(K64>MAX(K$33:K$56),VLOOKUP(MAX(K$33:K$56),K$33:M$56,3,FALSE),VLOOKUP(M64,K$33:M$56,3,FALSE))) -> 0.54 | N66: =IF(N64="","0",IF(O90<P90,O66,P66)) -> 0 | O66: =IF(N64<MIN(N$33:N$56),VLOOKUP(MIN(N$33:N$56),N$33:P$56,3,FALSE),IF(N64>MAX(N$33:N$56),VLOOKUP(MAX(N$33:N$56),N$33:P$56,3,FALSE),VLOOKUP(O64,N$33:P$56,3,FALSE))) -> 0.021 | P66: =IF(N64<MIN(N$33:N$56),VLOOKUP(MIN(N$33:N$56),N$33:P$56,3,FALSE),IF(N64>MAX(N$33:N$56),VLOOKUP(MAX(N$33:N$56),N$33:P$56,3,FALSE),VLOOKUP(P64,N$33:P$56,3,FALSE))) -> 0.021 | Q66: =IF(Q64="","0",IF(R90<S90,R66,S66)) -> 0 | R66: =IF(Q64<MIN(Q$33:Q$56),VLOOKUP(MIN(Q$33:Q$56),Q$33:S$56,3,FALSE),IF(Q64>MAX(Q$33:Q$56),VLOOKUP(MAX(Q$33:Q$56),Q$33:S$56,3,FALSE),VLOOKUP(R64,Q$33:S$56,3,FALSE))) -> 0.062 | S66: =IF(Q64<MIN(Q$33:Q$56),VLOOKUP(MIN(Q$33:Q$56),Q$33:S$56,3,FALSE),IF(Q64>MAX(Q$33:Q$56),VLOOKUP(MAX(Q$33:Q$56),Q$33:S$56,3,FALSE),VLOOKUP(S64,Q$33:S$56,3,FALSE))) -> 0.062 | T66: =IF(T64="","0",IF(U90<V90,U66,V66)) -> 0 | U66: =IF(T64<MIN(T$33:T$56),VLOOKUP(MIN(T$33:T$56),T$33:V$56,3,FALSE),IF(T64>MAX(T$33:T$56),VLOOKUP(MAX(T$33:T$56),T$33:V$56,3,FALSE),VLOOKUP(U64,T$33:V$56,3,FALSE))) -> 0.142 | V66: =IF(T64<MIN(T$33:T$56),VLOOKUP(MIN(T$33:T$56),T$33:V$56,3,FALSE),IF(T64>MAX(T$33:T$56),VLOOKUP(MAX(T$33:T$56),T$33:V$56,3,FALSE),VLOOKUP(V64,T$33:V$56,3,FALSE))) -> 0.142 | W66: =IF(W64<=MIN(W$33:W$56),VLOOKUP(MIN(W$33:W$56),W$33:Y$56,3,FALSE),IF(W64>=MAX(W$33:W$56),VLOOKUP(MAX(W$33:W$56),W$33:Y$56,3,FALSE),X66+((#REF!-X64)/(Y64-X64))*(Y66-X66))) -> #N/A | X66: =IF(W64<MIN(W$33:W$56),VLOOKUP(MIN(W$33:W$56),W$33:Y$56,3,FALSE),IF(W64>MAX(W$33:W$56),VLOOKUP(MAX(W$33:W$56),W$33:Y$56,3,FALSE),VLOOKUP(X64,W$33:Y$56,3,FALSE))) -> #N/A | Y66: =IF(W64<MIN(W$33:W$56),VLOOKUP(MIN(W$33:W$56),W$33:Y$56,3,FALSE),IF(W64>MAX(W$33:W$56),VLOOKUP(MAX(W$33:W$56),W$33:Y$56,3,FALSE),VLOOKUP(Y64,W$33:Y$56,3,FALSE))) -> #N/A | Z66: =IF(Z64="","0",IF(AA90<AB90,AA66,AB66)) -> 0 | AA66: =IF(Z64<MIN(Z$33:Z$56),VLOOKUP(MIN(Z$33:Z$56),Z$33:AB$56,3,FALSE),IF(Z64>MAX(Z$33:Z$56),VLOOKUP(MAX(Z$33:Z$56),Z$33:AB$56,3,FALSE),VLOOKUP(AA64,Z$33:AB$56,3,FALSE))) -> 0.13 | AB66: =IF(Z64<MIN(Z$33:Z$56),VLOOKUP(MIN(Z$33:Z$56),Z$33:AB$56,3,FALSE),IF(Z64>MAX(Z$33:Z$56),VLOOKUP(MAX(Z$33:Z$56),Z$33:AB$56,3,FALSE),VLOOKUP(AB64,Z$33:AB$56,3,FALSE))) -> 0.13 | AC66: =IF(AC64="","0",IF(AD90<AE90,AD66,AE66)) -> 0 | AD66: =IF(AC64<MIN(AC$33:AC$56),VLOOKUP(MIN(AC$33:AC$56),AC$33:AE$56,3,FALSE),IF(AC64>MAX(AC$33:AC$56),VLOOKUP(MAX(AC$33:AC$56),AC$33:AE$56,3,FALSE),VLOOKUP(AD64,AC$33:AE$56,3,FALSE))) -> 0.13 | AE66: =IF(AC64<MIN(AC$33:AC$56),VLOOKUP(MIN(AC$33:AC$56),AC$33:AE$56,3,FALSE),IF(AC64>MAX(AC$33:AC$56),VLOOKUP(MAX(AC$33:AC$56),AC$33:AE$56,3,FALSE),VLOOKUP(AE64,AC$33:AE$56,3,FALSE))) -> 0.13 | AF66: =IF(AF64="","0",IF(AG90<AH90,AG66,AH66)) -> 0 | AG66: =IF(AF64<MIN(AF$33:AF$56),VLOOKUP(MIN(AF$33:AF$56),AF$33:AH$56,3,FALSE),IF(AF64>MAX(AF$33:AF$56),VLOOKUP(MAX(AF$33:AF$56),AF$33:AH$56,3,FALSE),VLOOKUP(AG64,AF$33:AH$56,3,FALSE))) -> 0.13 | AH66: =IF(AF64<MIN(AF$33:AF$56),VLOOKUP(MIN(AF$33:AF$56),AF$33:AH$56,3,FALSE),IF(AF64>MAX(AF$33:AF$56),VLOOKUP(MAX(AF$33:AF$56),AF$33:AH$56,3,FALSE),VLOOKUP(AH64,AF$33:AH$56,3,FALSE))) -> 0.13 | AI66: =IF(AI64="","0",IF(AJ90<AK90,AJ66,AK66)) -> 0 | AJ66: =IF(AI64<MIN(AI$33:AI$56),VLOOKUP(MIN(AI$33:AI$56),AI$33:AK$56,3,FALSE),IF(AI64>MAX(AI$33:AI$56),VLOOKUP(MAX(AI$33:AI$56),AI$33:AK$56,3,FALSE),VLOOKUP(AJ64,AI$33:AK$56,3,FALSE))) -> 0.13 | AK66: =IF(AI64<MIN(AI$33:AI$56),VLOOKUP(MIN(AI$33:AI$56),AI$33:AK$56,3,FALSE),IF(AI64>MAX(AI$33:AI$56),VLOOKUP(MAX(AI$33:AI$56),AI$33:AK$56,3,FALSE),VLOOKUP(AK64,AI$33:AK$56,3,FALSE))) -> 0.13 | AL66: =IF(AL64="","0",IF(AM90<AN90,AM66,AN66)) -> 0 | AM66: =IF(AL64<MIN(AL$33:AL$56),VLOOKUP(MIN(AL$33:AL$56),AL$33:AN$56,3,FALSE),IF(AL64>MAX(AL$33:AL$56),VLOOKUP(MAX(AL$33:AL$56),AL$33:AN$56,3,FALSE),VLOOKUP(AM64,AL$33:AN$56,3,FALSE))) -> 0.153 | AN66: =IF(AL64<MIN(AL$33:AL$56),VLOOKUP(MIN(AL$33:AL$56),AL$33:AN$56,3,FALSE),IF(AL64>MAX(AL$33:AL$56),VLOOKUP(MAX(AL$33:AL$56),AL$33:AN$56,3,FALSE),VLOOKUP(AN64,AL$33:AN$56,3,FALSE))) -> 0.153 | AO66: =IF(AO64="","0",IF(AP90<AQ90,AP66,AQ66)) -> 0 | AP66: =IF(AO64<MIN(AO$33:AO$56),VLOOKUP(MIN(AO$33:AO$56),AO$33:AQ$56,3,FALSE),IF(AO64>MAX(AO$33:AO$56),VLOOKUP(MAX(AO$33:AO$56),AO$33:AQ$56,3,FALSE),VLOOKUP(AP64,AO$33:AQ$56,3,FALSE))) -> 0.54 | AQ66: =IF(AO64<MIN(AO$33:AO$56),VLOOKUP(MIN(AO$33:AO$56),AO$33:AQ$56,3,FALSE),IF(AO64>MAX(AO$33:AO$56),VLOOKUP(MAX(AO$33:AO$56),AO$33:AQ$56,3,FALSE),VLOOKUP(AQ64,AO$33:AQ$56,3,FALSE))) -> 0.54 | AR66: =IF(AR64="","0",IF(AS90<AT90,AS66,AT66)) -> 0 | AS66: =IF(AR64<MIN(AR$33:AR$56),VLOOKUP(MIN(AR$33:AR$56),AR$33:AT$56,3,FALSE),IF(AR64>MAX(AR$33:AR$56),VLOOKUP(MAX(AR$33:AR$56),AR$33:AT$56,3,FALSE),VLOOKUP(AS64,AR$33:AT$56,3,FALSE))) -> 0.54 | AT66: =IF(AR64<MIN(AR$33:AR$56),VLOOKUP(MIN(AR$33:AR$56),AR$33:AT$56,3,FALSE),IF(AR64>MAX(AR$33:AR$56),VLOOKUP(MAX(AR$33:AR$56),AR$33:AT$56,3,FALSE),VLOOKUP(AT64,AR$33:AT$56,3,FALSE))) -> 0.54 | AU66: =IF(AU64="","0",IF(AV90<AW90,AV66,AW66)) -> 0 | AV66: =IF(AU64<MIN(AU$33:AU$56),VLOOKUP(MIN(AU$33:AU$56),AU$33:AW$56,3,FALSE),IF(AU64>MAX(AU$33:AU$56),VLOOKUP(MAX(AU$33:AU$56),AU$33:AW$56,3,FALSE),VLOOKUP(AV64,AU$33:AW$56,3,FALSE))) -> 0.1 | AW66: =IF(AU64<MIN(AU$33:AU$56),VLOOKUP(MIN(AU$33:AU$56),AU$33:AW$56,3,FALSE),IF(AU64>MAX(AU$33:AU$56),VLOOKUP(MAX(AU$33:AU$56),AU$33:AW$56,3,FALSE),VLOOKUP(AW64,AU$33:AW$56,3,FALSE))) -> 0.1 | AX66: =IF(AX64="","0",IF(AY90<AZ90,AY66,AZ66)) -> 0 | AY66: =IF(AX64<MIN(AX$33:AX$56),VLOOKUP(MIN(AX$33:AX$56),AX$33:AZ$56,3,FALSE),IF(AX64>MAX(AX$33:AX$56),VLOOKUP(MAX(AX$33:AX$56),AX$33:AZ$56,3,FALSE),VLOOKUP(AY64,AX$33:AZ$56,3,FALSE))) -> 0.1 | AZ66: =IF(AX64<MIN(AX$33:AX$56),VLOOKUP(MIN(AX$33:AX$56),AX$33:AZ$56,3,FALSE),IF(AX64>MAX(AX$33:AX$56),VLOOKUP(MAX(AX$33:AX$56),AX$33:AZ$56,3,FALSE),VLOOKUP(AZ64,AX$33:AZ$56,3,FALSE))) -> 0.1
A67: 4 | B67: =IF('datos crudos'!$R$27="","",'datos crudos'!$R$27) | C67: =IF(B67<MIN(B$33:B$56),MIN(B$33:B$56),IF(B67>MAX(B$33:B$56),MAX(B$33:B$56),INDEX(B$33:B$56,VLOOKUP(B67,B$33:$BA$56,COLUMNS(B$3:$BA$3),TRUE),1))) -> 399.317 | D67: =IF(B67<MIN(B$33:B$56),MIN(B$33:B$56),IF(B67>MAX(B$33:B$56),MAX(B$33:B$56),INDEX(B$33:B$56,VLOOKUP(B67,B$33:$BA$56,COLUMNS(B$3:$BA$3),TRUE)+1,1))) -> 399.317 | E67: =B67 | F67: =IF(E67<MIN(E$33:E$56),MIN(E$33:E$56),IF(E67>MAX(E$33:E$56),MAX(E$33:E$56),INDEX(E$33:E$56,VLOOKUP(E67,E$33:$BA$56,COLUMNS(E$3:$BA$3),TRUE),1))) -> 270.4 | G67: =IF(E67<MIN(E$33:E$56),MIN(E$33:E$56),IF(E67>MAX(E$33:E$56),MAX(E$33:E$56),INDEX(E$33:E$56,VLOOKUP(E67,E$33:$BA$56,COLUMNS(E$3:$BA$3),TRUE)+1,1))) -> 270.4 | H67: =B67 | I67: =IF(H67<MIN(H$33:H$56),MIN(H$33:H$56),IF(H67>MAX(H$33:H$56),MAX(H$33:H$56),INDEX(H$33:H$56,VLOOKUP(H67,H$33:$BA$56,COLUMNS(H$3:$BA$3),TRUE),1))) -> 400 | J67: =IF(H67<MIN(H$33:H$56),MIN(H$33:H$56),IF(H67>MAX(H$33:H$56),MAX(H$33:H$56),INDEX(H$33:H$56,VLOOKUP(H67,H$33:$BA$56,COLUMNS(H$3:$BA$3),TRUE)+1,1))) -> 400 | K67: =E67 | L67: =IF(K67<MIN(K$33:K$56),MIN(K$33:K$56),IF(K67>MAX(K$33:K$56),MAX(K$33:K$56),INDEX(K$33:K$56,VLOOKUP(K67,K$33:$BA$56,COLUMNS(K$3:$BA$3),TRUE),1))) -> 139.2 | M67: =IF(K67<MIN(K$33:K$56),MIN(K$33:K$56),IF(K67>MAX(K$33:K$56),MAX(K$33:K$56),INDEX(K$33:K$56,VLOOKUP(K67,K$33:$BA$56,COLUMNS(K$3:$BA$3),TRUE)+1,1))) -> 139.2 | N67: =B67 | O67: =IF(N67<MIN(N$33:N$56),MIN(N$33:N$56),IF(N67>MAX(N$33:N$56),MAX(N$33:N$56),INDEX(N$33:N$56,VLOOKUP(N67,N$33:$BA$56,COLUMNS(N$3:$BA$3),TRUE),1))) -> 398.867 | P67: =IF(N67<MIN(N$33:N$56),MIN(N$33:N$56),IF(N67>MAX(N$33:N$56),MAX(N$33:N$56),INDEX(N$33:N$56,VLOOKUP(N67,N$33:$BA$56,COLUMNS(N$3:$BA$3),TRUE)+1,1))) -> 398.867 | Q67: =E67 | R67: =IF(Q67<MIN(Q$33:Q$56),MIN(Q$33:Q$56),IF(Q67>MAX(Q$33:Q$56),MAX(Q$33:Q$56),INDEX(Q$33:Q$56,VLOOKUP(Q67,Q$33:$BA$56,COLUMNS(Q$3:$BA$3),TRUE),1))) -> 399.16 | S67: =IF(Q67<MIN(Q$33:Q$56),MIN(Q$33:Q$56),IF(Q67>MAX(Q$33:Q$56),MAX(Q$33:Q$56),INDEX(Q$33:Q$56,VLOOKUP(Q67,Q$33:$BA$56,COLUMNS(Q$3:$BA$3),TRUE)+1,1))) -> 399.16 | T67: =H67 | U67: =IF(T67<MIN(T$33:T$56),MIN(T$33:T$56),IF(T67>MAX(T$33:T$56),MAX(T$33:T$56),INDEX(T$33:T$56,VLOOKUP(T67,T$33:$BA$56,COLUMNS(T$3:$BA$3),TRUE),1))) -> 100.1 | V67: =IF(T67<MIN(T$33:T$56),MIN(T$33:T$56),IF(T67>MAX(T$33:T$56),MAX(T$33:T$56),INDEX(T$33:T$56,VLOOKUP(T67,T$33:$BA$56,COLUMNS(T$3:$BA$3),TRUE)+1,1))) -> 100.1 | W67: =B67 | X67: =IF(W67<MIN(W$33:W$56),MIN(W$33:W$56),IF(W67>MAX(W$33:W$56),MAX(W$33:W$56),INDEX(W$33:W$56,VLOOKUP(W67,W$33:$BA$56,COLUMNS(W$3:$BA$3),TRUE),1))) -> #N/A | Y67: =IF(W67<MIN(W$33:W$56),MIN(W$33:W$56),IF(W67>MAX(W$33:W$56),MAX(W$33:W$56),INDEX(W$33:W$56,VLOOKUP(W67,W$33:$BA$56,COLUMNS($A$3:W$3),TRUE)+1,1))) -> #N/A | Z67: =B67 | AA67: =IF(Z67<MIN(Z$33:Z$56),MIN(Z$33:Z$56),IF(Z67>MAX(Z$33:Z$56),MAX(Z$33:Z$56),INDEX(Z$33:Z$56,VLOOKUP(Z67,Z$33:$BA$56,COLUMNS(Z$3:$BA$3),TRUE),1))) -> 139.87 | AB67: =IF(Z67<MIN(Z$33:Z$56),MIN(Z$33:Z$56),IF(Z67>MAX(Z$33:Z$56),MAX(Z$33:Z$56),INDEX(Z$33:Z$56,VLOOKUP(Z67,Z$33:$BA$56,COLUMNS(Z$3:$BA$3),TRUE)+1,1))) -> 139.87 | AC67: =B67 | AD67: =IF(AC67<MIN(AC$33:AC$56),MIN(AC$33:AC$56),IF(AC67>MAX(AC$33:AC$56),MAX(AC$33:AC$56),INDEX(AC$33:AC$56,VLOOKUP(AC67,AC$33:$BA$56,COLUMNS(AC$3:$BA$3),TRUE),1))) -> 139.87 | AE67: =IF(AC67<MIN(AC$33:AC$56),MIN(AC$33:AC$56),IF(AC67>MAX(AC$33:AC$56),MAX(AC$33:AC$56),INDEX(AC$33:AC$56,VLOOKUP(AC67,AC$33:$BA$56,COLUMNS(AC$3:$BA$3),TRUE)+1,1))) -> 139.87 | AF67: =B67 | AG67: =IF(AF67<MIN(AF$33:AF$56),MIN(AF$33:AF$56),IF(AF67>MAX(AF$33:AF$56),MAX(AF$33:AF$56),INDEX(AF$33:AF$56,VLOOKUP(AF67,AF$33:$BA$56,COLUMNS(AF$3:$BA$3),TRUE),1))) -> 139.87 | AH67: =IF(AF67<MIN(AF$33:AF$56),MIN(AF$33:AF$56),IF(AF67>MAX(AF$33:AF$56),MAX(AF$33:AF$56),INDEX(AF$33:AF$56,VLOOKUP(AF67,AF$33:$BA$56,COLUMNS(AF$3:$BA$3),TRUE)+1,1))) -> 139.87 | AI67: =E67 | AJ67: =IF(AI67<MIN(AI$33:AI$56),MIN(AI$33:AI$56),IF(AI67>MAX(AI$33:AI$56),MAX(AI$33:AI$56),INDEX(AI$33:AI$56,VLOOKUP(AI67,AI$33:$BA$56,COLUMNS(AI$3:$BA$3),TRUE),1))) -> 139.88 | AK67: =IF(AI67<MIN(AI$33:AI$56),MIN(AI$33:AI$56),IF(AI67>MAX(AI$33:AI$56),MAX(AI$33:AI$56),INDEX(AI$33:AI$56,VLOOKUP(AI67,AI$33:$BA$56,COLUMNS(AI$3:$BA$3),TRUE)+1,1))) -> 139.88 | AL67: =H67 | AM67: =IF(AL67<MIN(AL$33:AL$56),MIN(AL$33:AL$56),IF(AL67>MAX(AL$33:AL$56),MAX(AL$33:AL$56),INDEX(AL$33:AL$56,VLOOKUP(AL67,AL$33:$BA$56,COLUMNS(AL$3:$BA$3),TRUE),1))) -> 300.2 | AN67: =IF(AL67<MIN(AL$33:AL$56),MIN(AL$33:AL$56),IF(AL67>MAX(AL$33:AL$56),MAX(AL$33:AL$56),INDEX(AL$33:AL$56,VLOOKUP(AL67,AL$33:$BA$56,COLUMNS(AL$3:$BA$3),TRUE)+1,1))) -> 300.2 | AO67: =K67 | AP67: =IF(AO67<MIN(AO$33:AO$56),MIN(AO$33:AO$56),IF(AO67>MAX(AO$33:AO$56),MAX(AO$33:AO$56),INDEX(AO$33:AO$56,VLOOKUP(AO67,AO$33:$BA$56,COLUMNS(AO$3:$BA$3),TRUE),1))) -> 139.8 | AQ67: =IF(AO67<MIN(AO$33:AO$56),MIN(AO$33:AO$56),IF(AO67>MAX(AO$33:AO$56),MAX(AO$33:AO$56),INDEX(AO$33:AO$56,VLOOKUP(AO67,AO$33:$BA$56,COLUMNS(AO$3:$BA$3),TRUE)+1,1))) -> 139.8 | AR67: =N67 | AS67: =IF(AR67<MIN(AR$33:AR$56),MIN(AR$33:AR$56),IF(AR67>MAX(AR$33:AR$56),MAX(AR$33:AR$56),INDEX(AR$33:AR$56,VLOOKUP(AR67,AR$33:$BA$56,COLUMNS(AR$3:$BA$3),TRUE),1))) -> 139.9 | AT67: =IF(AR67<MIN(AR$33:AR$56),MIN(AR$33:AR$56),IF(AR67>MAX(AR$33:AR$56),MAX(AR$33:AR$56),INDEX(AR$33:AR$56,VLOOKUP(AR67,AR$33:$BA$56,COLUMNS(AR$3:$BA$3),TRUE)+1,1))) -> 139.9 | AU67: =Q67 | AV67: =IF(AU67<MIN(AU$33:AU$56),MIN(AU$33:AU$56),IF(AU67>MAX(AU$33:AU$56),MAX(AU$33:AU$56),INDEX(AU$33:AU$56,VLOOKUP(AU67,AU$33:$BA$56,COLUMNS(AU$3:$BA$3),TRUE),1))) -> 40.33 | AW67: =IF(AU67<MIN(AU$33:AU$56),MIN(AU$33:AU$56),IF(AU67>MAX(AU$33:AU$56),MAX(AU$33:AU$56),INDEX(AU$33:AU$56,VLOOKUP(AU67,AU$33:$BA$56,COLUMNS(AU$3:$BA$3),TRUE)+1,1))) -> 40.33 | AX67: =Q67 | AY67: =IF(AX67<MIN(AX$33:AX$56),MIN(AX$33:AX$56),IF(AX67>MAX(AX$33:AX$56),MAX(AX$33:AX$56),INDEX(AX$33:AX$56,VLOOKUP(AX67,AX$33:$BA$56,COLUMNS(AX$3:$BA$3),TRUE),1))) -> 36.67 | AZ67: =IF(AX67<MIN(AX$33:AX$56),MIN(AX$33:AX$56),IF(AX67>MAX(AX$33:AX$56),MAX(AX$33:AX$56),INDEX(AX$33:AX$56,VLOOKUP(AX67,AX$33:$BA$56,COLUMNS(AX$3:$BA$3),TRUE)+1,1))) -> 36.67
A68: E | B68: =IF(C91<D91,C68,D68) -> 0.547 | C68: =IF(B67<MIN(B$33:B$56),VLOOKUP(MIN(B$33:B$56),B$33:D$56,2,FALSE),IF(B67>MAX(B$33:B$56),VLOOKUP(MAX(B$33:B$56),B$33:D$56,2,FALSE),VLOOKUP(C67,B$33:D$56,2,FALSE))) -> 0.547 | D68: =IF(B67<MIN(B$33:B$56),VLOOKUP(MIN(B$33:B$56),B$33:D$56,2,FALSE),IF(B67>MAX(B$33:B$56),VLOOKUP(MAX(B$33:B$56),B$33:D$56,2,FALSE),VLOOKUP(D67,B33:D56,2,FALSE))) -> 0.547 | E68: =IF($F$91<$G$91,$F$68,$G$68) -> 0.288 | F68: =IF(E67<MIN(E$33:E$56),VLOOKUP(MIN(E$33:E$56),E$33:G$56,2,FALSE),IF(E67>MAX(E$33:E$56),VLOOKUP(MAX(E$33:E$56),E$33:G$56,2,FALSE),VLOOKUP(F67,E$33:G$56,2,FALSE))) -> 0.288 | G68: =IF(E67<MIN(E$33:E$56),VLOOKUP(MIN(E$33:E$56),E$33:G$56,2,FALSE),IF(E67>MAX(E$33:E$56),VLOOKUP(MAX(E$33:E$56),E$33:G$56,2,FALSE),VLOOKUP(G67,E33:G56,2,FALSE))) -> 0.288 | H68: =IF(I91<J91,I68,J68) -> 0.032 | I68: =IF(H67<MIN(H$33:H$56),VLOOKUP(MIN(H$33:H$56),H$33:J$56,2,FALSE),IF(H67>MAX(H$33:H$56),VLOOKUP(MAX(H$33:H$56),H$33:J$56,2,FALSE),VLOOKUP(I67,H$33:J$56,2,FALSE))) -> 0.032 | J68: =IF(H67<MIN(H$33:H$56),VLOOKUP(MIN(H$33:H$56),H$33:J$56,2,FALSE),IF(H67>MAX(H$33:H$56),VLOOKUP(MAX(H$33:H$56),H$33:J$56,2,FALSE),VLOOKUP(J67,H33:J56,2,FALSE))) -> 0.032 | K68: =IF(L91<M91,L68,M68) -> -0.8 | L68: =IF(K67<MIN(K$33:K$56),VLOOKUP(MIN(K$33:K$56),K$33:M$56,2,FALSE),IF(K67>MAX(K$33:K$56),VLOOKUP(MAX(K$33:K$56),K$33:M$56,2,FALSE),VLOOKUP(L67,K$33:M$56,2,FALSE))) -> -0.8 | M68: =IF(K67<MIN(K$33:K$56),VLOOKUP(MIN(K$33:K$56),K$33:M$56,2,FALSE),IF(K67>MAX(K$33:K$56),VLOOKUP(MAX(K$33:K$56),K$33:M$56,2,FALSE),VLOOKUP(M67,K33:M56,2,FALSE))) -> -0.8 | N68: =IF(O91<P91,O68,P68) -> 0.5363 | O68: =IF(N67<MIN(N$33:N$56),VLOOKUP(MIN(N$33:N$56),N$33:P$56,2,FALSE),IF(N67>MAX(N$33:N$56),VLOOKUP(MAX(N$33:N$56),N$33:P$56,2,FALSE),VLOOKUP(O67,N$33:P$56,2,FALSE))) -> 0.5363 | P68: =IF(N67<MIN(N$33:N$56),VLOOKUP(MIN(N$33:N$56),N$33:P$56,2,FALSE),IF(N67>MAX(N$33:N$56),VLOOKUP(MAX(N$33:N$56),N$33:P$56,2,FALSE),VLOOKUP(P67,N33:P56,2,FALSE))) -> 0.5363 | Q68: =IF(R91<S91,R68,S68) -> -1.025 | R68: =IF(Q67<MIN(Q$33:Q$56),VLOOKUP(MIN(Q$33:Q$56),Q$33:S$56,2,FALSE),IF(Q67>MAX(Q$33:Q$56),VLOOKUP(MAX(Q$33:Q$56),Q$33:S$56,2,FALSE),VLOOKUP(R67,Q$33:S$56,2,FALSE))) -> -1.025 | S68: =IF(Q67<MIN(Q$33:Q$56),VLOOKUP(MIN(Q$33:Q$56),Q$33:S$56,2,FALSE),IF(Q67>MAX(Q$33:Q$56),VLOOKUP(MAX(Q$33:Q$56),Q$33:S$56,2,FALSE),VLOOKUP(S67,Q33:S56,2,FALSE))) -> -1.025 | T68: =IF(U91<V91,U68,V68) -> 0.19 | U68: =IF(T67<MIN(T$33:T$56),VLOOKUP(MIN(T$33:T$56),T$33:V$56,2,FALSE),IF(T67>MAX(T$33:T$56),VLOOKUP(MAX(T$33:T$56),T$33:V$56,2,FALSE),VLOOKUP(U67,T$33:V$56,2,FALSE))) -> 0.19 | V68: =IF(T67<MIN(T$33:T$56),VLOOKUP(MIN(T$33:T$56),T$33:V$56,2,FALSE),IF(T67>MAX(T$33:T$56),VLOOKUP(MAX(T$33:T$56),T$33:V$56,2,FALSE),VLOOKUP(V67,T33:V56,2,FALSE))) -> 0.19 | W68: =IF(W67<=MIN(W$33:W$56),VLOOKUP(MIN(W$33:W$56),W$33:Y$56,2,FALSE),IF(W67>=MAX(W$33:W$56),VLOOKUP(MAX(W$33:W$56),W$33:Y$56,2,FALSE),X68+((#REF!-X67)/(Y67-X67))*(Y68-X68))) -> #N/A | X68: =IF(W67<MIN(W$33:W$56),VLOOKUP(MIN(W$33:W$56),W$33:Y$56,2,FALSE),IF(W67>MAX(W$33:W$56),VLOOKUP(MAX(W$33:W$56),W$33:Y$56,2,FALSE),VLOOKUP(X67,W$33:Y$56,2,FALSE))) -> #N/A | Y68: =IF(W67<MIN(W$33:W$56),VLOOKUP(MIN(W$33:W$56),W$33:Y$56,2,FALSE),IF(W67>MAX(W$33:W$56),VLOOKUP(MAX(W$33:W$56),W$33:Y$56,2,FALSE),VLOOKUP(Y67,W33:Y56,2,FALSE))) -> #N/A | Z68: =IF($AA$91<$AB$91,AA68,AB68) -> 0 | AA68: =IF(Z67<MIN(Z$33:Z$56),VLOOKUP(MIN(Z$33:Z$56),Z$33:AB$56,2,FALSE),IF(Z67>MAX(Z$33:Z$56),VLOOKUP(MAX(Z$33:Z$56),Z$33:AB$56,2,FALSE),VLOOKUP(AA67,Z$33:AB$56,2,FALSE))) -> 0 | AB68: =IF(Z67<MIN(Z$33:Z$56),VLOOKUP(MIN(Z$33:Z$56),Z$33:AB$56,2,FALSE),IF(Z67>MAX(Z$33:Z$56),VLOOKUP(MAX(Z$33:Z$56),Z$33:AB$56,2,FALSE),VLOOKUP(AB67,Z33:AB56,2,FALSE))) -> 0 | AC68: =IF($AD$91<$AE$91,AD68,AE68) -> 0 | AD68: =IF(AC67<MIN(AC$33:AC$56),VLOOKUP(MIN(AC$33:AC$56),AC$33:AE$56,2,FALSE),IF(AC67>MAX(AC$33:AC$56),VLOOKUP(MAX(AC$33:AC$56),AC$33:AE$56,2,FALSE),VLOOKUP(AD67,AC$33:AE$56,2,FALSE))) -> 0 | AE68: =IF(AC67<MIN(AC$33:AC$56),VLOOKUP(MIN(AC$33:AC$56),AC$33:AE$56,2,FALSE),IF(AC67>MAX(AC$33:AC$56),VLOOKUP(MAX(AC$33:AC$56),AC$33:AE$56,2,FALSE),VLOOKUP(AE67,AC33:AE56,2,FALSE))) -> 0 | AF68: =IF($AG$91<$AH$91,AG68,AH68) -> 0 | AG68: =IF(AF67<MIN(AF$33:AF$56),VLOOKUP(MIN(AF$33:AF$56),AF$33:AH$56,2,FALSE),IF(AF67>MAX(AF$33:AF$56),VLOOKUP(MAX(AF$33:AF$56),AF$33:AH$56,2,FALSE),VLOOKUP(AG67,AF$33:AH$56,2,FALSE))) -> 0 | AH68: =IF(AF67<MIN(AF$33:AF$56),VLOOKUP(MIN(AF$33:AF$56),AF$33:AH$56,2,FALSE),IF(AF67>MAX(AF$33:AF$56),VLOOKUP(MAX(AF$33:AF$56),AF$33:AH$56,2,FALSE),VLOOKUP(AH67,AF33:AH56,2,FALSE))) -> 0 | AI68: =IF($AG$91<$AH$91,AJ68,AK68) -> 0 | AJ68: =IF(AI67<MIN(AI$33:AI$56),VLOOKUP(MIN(AI$33:AI$56),AI$33:AK$56,2,FALSE),IF(AI67>MAX(AI$33:AI$56),VLOOKUP(MAX(AI$33:AI$56),AI$33:AK$56,2,FALSE),VLOOKUP(AJ67,AI$33:AK$56,2,FALSE))) -> 0 | AK68: =IF(AI67<MIN(AI$33:AI$56),VLOOKUP(MIN(AI$33:AI$56),AI$33:AK$56,2,FALSE),IF(AI67>MAX(AI$33:AI$56),VLOOKUP(MAX(AI$33:AI$56),AI$33:AK$56,2,FALSE),VLOOKUP(AK67,AI33:AK56,2,FALSE))) -> 0 | AL68: =IF($AG$91<$AH$91,AM68,AN68) -> 0.153 | AM68: =IF(AL67<MIN(AL$33:AL$56),VLOOKUP(MIN(AL$33:AL$56),AL$33:AN$56,2,FALSE),IF(AL67>MAX(AL$33:AL$56),VLOOKUP(MAX(AL$33:AL$56),AL$33:AN$56,2,FALSE),VLOOKUP(AM67,AL$33:AN$56,2,FALSE))) -> 0.153 | AN68: =IF(AL67<MIN(AL$33:AL$56),VLOOKUP(MIN(AL$33:AL$56),AL$33:AN$56,2,FALSE),IF(AL67>MAX(AL$33:AL$56),VLOOKUP(MAX(AL$33:AL$56),AL$33:AN$56,2,FALSE),VLOOKUP(AN67,AL33:AN56,2,FALSE))) -> 0.153 | AO68: =IF($AG$91<$AH$91,AP68,AQ68) -> -0.2 | AP68: =IF(AO67<MIN(AO$33:AO$56),VLOOKUP(MIN(AO$33:AO$56),AO$33:AQ$56,2,FALSE),IF(AO67>MAX(AO$33:AO$56),VLOOKUP(MAX(AO$33:AO$56),AO$33:AQ$56,2,FALSE),VLOOKUP(AP67,AO$33:AQ$56,2,FALSE))) -> -0.2 | AQ68: =IF(AO67<MIN(AO$33:AO$56),VLOOKUP(MIN(AO$33:AO$56),AO$33:AQ$56,2,FALSE),IF(AO67>MAX(AO$33:AO$56),VLOOKUP(MAX(AO$33:AO$56),AO$33:AQ$56,2,FALSE),VLOOKUP(AQ67,AO33:AQ56,2,FALSE))) -> -0.2 | AR68: =IF($AG$91<$AH$91,AS68,AT68) -> -0.1 | AS68: =IF(AR67<MIN(AR$33:AR$56),VLOOKUP(MIN(AR$33:AR$56),AR$33:AT$56,2,FALSE),IF(AR67>MAX(AR$33:AR$56),VLOOKUP(MAX(AR$33:AR$56),AR$33:AT$56,2,FALSE),VLOOKUP(AS67,AR$33:AT$56,2,FALSE))) -> -0.1 | AT68: =IF(AR67<MIN(AR$33:AR$56),VLOOKUP(MIN(AR$33:AR$56),AR$33:AT$56,2,FALSE),IF(AR67>MAX(AR$33:AR$56),VLOOKUP(MAX(AR$33:AR$56),AR$33:AT$56,2,FALSE),VLOOKUP(AT67,AR33:AT56,2,FALSE))) -> -0.1 | AU68: =IF($AG$91<$AH$91,AV68,AW68) -> 0.03 | AV68: =IF(AU67<MIN(AU$33:AU$56),VLOOKUP(MIN(AU$33:AU$56),AU$33:AW$56,2,FALSE),IF(AU67>MAX(AU$33:AU$56),VLOOKUP(MAX(AU$33:AU$56),AU$33:AW$56,2,FALSE),VLOOKUP(AV67,AU$33:AW$56,2,FALSE))) -> 0.03 | AW68: =IF(AU67<MIN(AU$33:AU$56),VLOOKUP(MIN(AU$33:AU$56),AU$33:AW$56,2,FALSE),IF(AU67>MAX(AU$33:AU$56),VLOOKUP(MAX(AU$33:AU$56),AU$33:AW$56,2,FALSE),VLOOKUP(AW67,AU33:AW56,2,FALSE))) -> 0.03 | AX68: =IF($AG$91<$AH$91,AY68,AZ68) -> 0.07 | AY68: =IF(AX67<MIN(AX$33:AX$56),VLOOKUP(MIN(AX$33:AX$56),AX$33:AZ$56,2,FALSE),IF(AX67>MAX(AX$33:AX$56),VLOOKUP(MAX(AX$33:AX$56),AX$33:AZ$56,2,FALSE),VLOOKUP(AY67,AX$33:AZ$56,2,FALSE))) -> 0.07 | AZ68: =IF(AX67<MIN(AX$33:AX$56),VLOOKUP(MIN(AX$33:AX$56),AX$33:AZ$56,2,FALSE),IF(AX67>MAX(AX$33:AX$56),VLOOKUP(MAX(AX$33:AX$56),AX$33:AZ$56,2,FALSE),VLOOKUP(AZ67,AX33:AZ56,2,FALSE))) -> 0.07
